sample_id,frame_id,key_dis,urdf_id,num_points,num_kp,ini_base_r,ini_child_r,ini_base_t,ini_child_t,new_base_r,new_child_r,new_base_t,new_child_t,cam_base_r,cam_child_r,cam_base_t,cam_child_t
0,0,0,10040,1024,8,2.9722967116920787,6.2390669741781295,0.012797731,0.08387620967493391,0.0,0.019782341029446364,1.2904407076248743e-07,1.6253865703844002e-07,0.0,0.0,3.585564753649318e-08,2.5522918288401563e-08
1,1,1,10040,1024,8,6.537170572868123,34.86258721078046,0.0711871,0.2920433157048604,4.0484464881941715,4.997307866398001,0.051792594218371193,0.05558274685117837,4.067375056236158,5.010611552447654,0.058942563377583156,0.06372488575313587
2,2,2,10040,1024,8,5.40058500227447,76.84360392756294,0.14850461,0.6969876451674661,5.187924614341755,6.157178809659998,0.045277496113865084,0.037210974324427916,5.192343520015384,6.1663135966806255,0.04356230823067629,0.03809608700115684
3,3,3,10040,1024,8,3.8093031235732755,11.438717142790514,0.09892776,0.11330327797663088,7.420973348786167,5.237981924679823,0.04596270575748444,0.044451133113347356,7.411801610268822,5.184511037328819,0.04872248200450754,0.04702998245605309
4,4,4,10040,1024,8,6.152878314358309,32.750193389082824,0.10913794,0.3186601839671548,7.185348010213211,9.524229975281862,0.07487323801877216,0.047575762137898235,7.196906576197193,9.522386606922446,0.06877284550421571,0.05914424760419691
5,5,5,10040,1024,8,6.179585215124174,81.58689702761387,0.07812706,0.713054447352786,6.093561622157436,11.008200544824874,0.05647819632439569,0.050858462093718304,6.173562836648071,11.133584427015009,0.05388730603713444,0.06955969712962368
6,6,1,10040,1024,8,7.940378683732421,61.315677964579955,0.12665617,0.6349419679244265,10.991522685125398,10.527480758755624,0.08569573385783645,0.03120959408273367,10.99888654427485,10.673194106945965,0.08354761488316681,0.04644817129920933
7,7,2,10040,1024,8,6.579807894685242,67.08112523507444,0.030428054,0.6019766707058603,10.421476204920022,8.82430676961112,0.10691313223886141,0.05466114878800825,10.409928311893662,8.829865953536295,0.10800696173326267,0.04724025692969242
8,8,3,10040,1024,8,4.434823452147403,70.03474275164032,0.14437656,0.593181211509323,3.4011681812292904,11.183210256829017,0.09789916858434934,0.03862542773595784,3.4728827691353383,11.285561124371787,0.09995333284259751,0.04665487858769898
9,9,4,10040,1024,8,3.8284801490816847,19.391770540215617,0.13918121,0.10311052205505537,6.210742413254275,13.36771947725302,0.11134183294692299,0.05814793221230434,6.273601245520457,13.529085957462929,0.11361464304100044,0.09576352054599975
10,10,5,10040,1024,8,5.448343314733045,154.183168617434,0.038995262,1.1113440131128043,6.286774030734586,19.51036979929786,0.11426413877221464,0.1886787042584873,6.312267152507487,19.48301702435284,0.11486500467917399,0.20159253383045625
11,11,1,10040,1024,8,5.30393003934447,23.15753332985477,0.13767043,0.20138801343542018,4.408367210061479,8.870681057444001,0.17065753841258183,0.1474237880938124,4.433732090685398,8.810475319873865,0.16735800372375406,0.1650970888648044
12,12,2,10040,1024,8,4.1942327852947,16.197462072644615,0.21888249,0.24937132034647835,5.24064495749387,17.206152760365857,0.20249147956616445,0.1479584265844549,5.258728701383073,17.171486736843256,0.20216134420102586,0.11499394480226316
13,13,3,10040,1024,8,4.906322790291061,69.96479820310296,0.22859234,0.47947521356557976,5.872321994158273,21.165898106253582,0.21270778192352738,0.16489771940336095,5.880351161743743,21.229333722611447,0.21211171975746254,0.13528442550339123
14,14,4,10040,1024,8,5.191389139367691,177.95657215535962,0.21436621,0.8667072266735005,4.77031589993642,36.186528027316506,0.13304962527426778,0.3242753649453692,4.840691194747566,35.85717730802291,0.12684382089228724,0.26863880306794524
15,15,5,10040,1024,8,6.970997816060927,176.17867403476382,0.14047739,0.9927973843964639,8.411932718611208,38.31393761647064,0.1625617026414974,0.3198261449065334,8.367822790293113,38.50954060910387,0.15598823807146245,0.3305046164581663
16,16,1,10040,1024,8,7.373950334438289,16.50912283389263,0.16958131,0.05046940194567395,7.74070374377145,15.205698019524936,0.18108205544362987,0.15539703234466348,7.74864166020449,14.567771387362203,0.18192124658007508,0.15238799609123324
17,17,2,10040,1024,8,4.444352973802738,111.04441303543321,0.2191327,0.8367570580483801,3.5238610877447205,17.711783182178856,0.23539788917950352,0.13730443307417287,3.4474991317893076,18.28665014146738,0.22613266802187296,0.11882318243472482
18,18,3,10040,1024,8,4.94268447065089,130.81338091547005,0.033864766,0.940781793685107,3.197305916067803,19.915881497002218,0.2077765020495095,0.13288575175865283,3.148449926310969,20.238195146387756,0.20831151276556592,0.16692339973435188
19,19,4,10040,1024,8,5.198781514470241,152.393877376292,0.22681618,1.083040775571049,6.282650097493578,18.705450476387863,0.26754607345402964,0.15526226774377774,6.267689876917801,18.8711254598622,0.2661344759426336,0.1432192440755335
20,20,5,10040,1024,8,7.580122930765727,153.14974157876574,0.13711041,1.0923839770880968,6.758101287990357,30.038760186958733,0.16376332217674036,0.18736968774339224,6.7157465776678364,30.17787125560502,0.17107159083694418,0.21068774556078104
21,21,1,10040,1024,8,7.401306900200276,130.69839636672594,0.28415564,1.0275702285930854,8.297148959281197,12.366228597026952,0.1599534481710722,0.15939711442137894,8.268124557282341,12.969522898952492,0.17196554967086605,0.22152255789969422
22,22,2,10040,1024,8,7.453088260055343,115.53483867079007,0.29582104,0.6800699920165526,7.452058308494805,12.973646104612893,0.11903681109661264,0.18226674080323546,7.4351331271036445,13.180901294926565,0.11601659410936659,0.1684819307992251
23,23,3,10040,1024,8,8.797790040075906,86.45854992096874,0.3689279,0.5229230157397317,9.134547002293322,16.468832556813496,0.1671863434585794,0.14217307466310763,9.163314095846413,17.45869224922106,0.15915460053872357,0.17470541994536953
24,24,4,10040,1024,8,5.530877973477866,163.81575218636706,0.25722575,0.8695589890542121,5.540144771924137,13.996510287088016,0.11361248656544926,0.20431545816877456,5.469287505834976,14.854577079588761,0.11272489679712216,0.16439763087811557
25,25,5,10040,1024,8,9.666011139358636,163.35997114509183,0.19603786,0.8852733011789029,9.869715309638096,20.21677365053467,0.13201453575900973,0.22675392377670348,9.859042784182485,19.307931134514043,0.12578522846557322,0.21088807520748235
26,26,1,10040,1024,8,9.387409341746318,66.69242709889386,0.23522596,0.5289659376030658,9.317097902753066,13.606276878266215,0.15445373643256172,0.11034309657753666,9.397995797640297,13.990751636790366,0.15838190825170353,0.10848591903809669
27,27,2,10040,1024,8,9.589355596293858,158.93662563108504,0.22063874,1.0143285174431684,8.366969346890514,5.126176678309186,0.18724641986613283,0.17184815517179533,8.438498741018108,5.710424652469727,0.18756082321545536,0.1537975436228609
28,28,3,10040,1024,8,8.666780928423377,84.37188484217609,0.35103586,0.7427700707905166,6.611351257115699,10.603812828605149,0.18661897338331743,0.18660209852547233,6.555700425177115,12.135425368987834,0.1735078752378389,0.21618741792255908
29,0,0,10040,1024,8,2.972428430684275,20.767631838276472,0.012797684,0.22903506125472048,0.01398822849713038,0.013988227454926255,1.5532562129811798e-07,1.6081171196546746e-07,0.0,0.0,3.461369616917914e-08,2.7730743892578845e-08
30,1,1,10040,1024,8,4.988844805229562,119.84913158145113,0.20050581,1.0569081388394117,5.263812454062786,10.099621592136979,0.17639372512842638,0.0812490464553414,5.2709807393500325,10.048195727999596,0.18249206896230044,0.09073776051592979
31,2,2,10040,1024,8,5.343094647173781,145.25049192500228,0.17810902,1.0099420862531916,4.922742006644622,7.294201685707397,0.13865555967321438,0.11013456340490586,4.873137349455513,7.045430049106973,0.14145828237872765,0.10980060653920222
32,3,3,10040,1024,8,4.532417444897304,32.85783991485642,0.17398605,0.48352144172547984,4.625941716729596,13.01463552796855,0.14001338909783603,0.08804800958648719,4.66336125642869,13.061837391427186,0.14934784318164512,0.08341604055775748
33,4,4,10040,1024,8,3.73287022988894,45.52193699986697,0.1546941,0.5526613147636043,4.65124323286815,8.238318506446456,0.1590268396856837,0.08721801528045572,4.659305280979678,8.022395471817882,0.1538995037194985,0.08196191011280896
34,5,5,10040,1024,8,4.101407040392953,59.62181578480158,0.1916098,0.4828566263108371,3.2871039787945917,11.890308148757779,0.16001108374723005,0.10065867893155522,3.2667018308500064,12.059960134003392,0.1624077964529029,0.12081195712431199
35,6,1,10040,1024,8,2.450004150089098,152.64374692370757,0.18622759,1.034477802209403,3.4311386144030207,6.774411213883901,0.1800591442798137,0.11533477239490132,3.429509165734707,6.75869416868225,0.18767607860506905,0.11036743918412717
36,7,2,10040,1024,8,4.924576891307448,101.88492790336711,0.24789344,0.7894603601684527,7.265673953099031,7.6285580144560186,0.2765143318943367,0.2647638008641568,7.315952876861868,6.900883871659739,0.27930258065068075,0.2700034233570905
37,8,3,10040,1024,8,4.28038710194545,27.428823520536397,0.2540425,0.37371341666904395,4.618219147184215,2.7323097363807154,0.26566906707426463,0.22061133650229325,4.595149230324256,2.9507291717991935,0.2651122683695055,0.23262074353849552
38,9,4,10040,1024,8,3.5874686335662016,177.05622281481953,0.1539434,1.002127242244052,3.2386526946548764,12.702975296041862,0.140118643924428,0.12149200247573722,3.2427193140964903,12.432068257399647,0.14493585445018609,0.11616639757571288
39,10,5,10040,1024,8,6.857123926540516,46.25465437096028,0.10825007,0.36556959587650123,6.604580837667564,24.098870373044026,0.14205247451272374,0.14959192643981034,6.621520516496426,23.96262866112808,0.14311048785436728,0.18019582788612057
40,11,1,10040,1024,8,7.872202561428028,147.18797018173473,0.093915485,0.977851019986146,4.801827108242042,8.589054064884145,0.20203177860501564,0.11264033371295651,4.798797320143413,8.222256378473382,0.20582211349820473,0.1396855169488614
41,12,2,10040,1024,8,6.724849655631851,106.59429877781074,0.23862706,0.8986815920470799,5.1906678743258885,10.679626076856392,0.1643162563271885,0.04294588926780605,5.202271331228423,11.007750724439166,0.15818478239884554,0.06403483274394857
42,13,3,10040,1024,8,5.296610021188883,48.653422503729026,0.18044168,0.5233396063566305,4.723596608415095,6.385983853510451,0.1744804491245711,0.1248202999281504,4.787278204182452,5.9362528814313045,0.17555489287976817,0.13659850789560946
43,14,4,10040,1024,8,9.938182968143193,156.98951275912896,0.26863623,1.013367560217632,7.193730114884526,13.377317450186489,0.18305106069834987,0.048402183547311295,7.223483442178689,13.39002295754032,0.18634614816598216,0.020771979603395233
44,15,5,10040,1024,8,6.276729527694227,161.19361902878018,0.17149343,1.0098401718638002,5.339102693856155,10.810694614354938,0.14789603870460827,0.06685745315290148,5.309704471976771,11.15397090437071,0.14812508462227628,0.12176279636575561
45,16,1,10040,1024,8,1.7346064433152726,109.6465628390732,0.23876381,0.9375996044693313,2.50444018552209,2.4040677538960455,0.20242947826819307,0.11994252139458744,2.546529940831532,2.767579168802846,0.20961387870770207,0.13261826561747955
46,17,2,10040,1024,8,6.751278465271295,66.03878644400156,0.21965732,0.7165558989679189,6.481152775609429,9.546838087948052,0.23485062295166229,0.05704846839005851,6.502602673669135,9.600894622444258,0.23669684224944146,0.06770675991847197
47,18,3,10040,1024,8,9.710453434806704,68.25123967072442,0.31620845,0.3968233832065285,6.016292953711226,11.375008403840656,0.2329863311780983,0.04966279935581584,6.043043441064978,11.15401609938508,0.23077527008865198,0.0570102298519111
48,19,4,10040,1024,8,8.877103489651278,36.871344764564405,0.34126943,0.6189901713584349,4.531319695373478,7.392100199383121,0.16809637306147326,0.043437853587402424,4.656501400429274,9.28664603879055,0.16004665945160995,0.06632574278646201
49,20,5,10040,1024,8,7.707978707370843,6.082057473307933,0.30313143,0.23557894096128637,2.5466431266526817,7.9759598715813125,0.16441997416821072,0.06633937015875907,2.5326197133852837,9.273945901969176,0.15791841872837056,0.07904394150434882
50,21,1,10040,1024,8,2.7499381657090933,9.108114234604782,0.13499673,0.056626066529765894,3.167671894132355,10.08759367599806,0.21243631304385832,0.013141929969820306,3.2078157712139417,10.401086876469346,0.21343380338900328,0.030945790138884197
51,22,2,10040,1024,8,2.915240876702213,107.75608741714785,0.20643996,0.9878523670682943,3.770080268903468,7.8613714024109225,0.21958153599953065,0.08258018528620173,3.5933578000616624,8.56081252521222,0.21999275758144693,0.05466950023724795
52,23,3,10040,1024,8,6.838907960468632,104.70729627334885,0.08133919,0.9044913742790605,5.162764764886305,10.180805513816145,0.23549454425082714,0.04841738389027894,5.239721063483812,10.221609035448719,0.23624280932116387,0.06883357841614192
53,24,4,10040,1024,8,3.3105610540406114,129.0112733371769,0.10605332,0.9768081222312994,0.7559603025635225,9.179176643056815,0.21706688883969985,0.05843058505909822,0.7812005865509953,9.66951718193722,0.21984337733310264,0.044931770981876666
54,25,5,10040,1024,8,9.29288653014865,102.52954709680091,0.23779526,0.8758496329061228,7.204078603178903,9.55882028094634,0.21606604726964954,0.070442488896771,7.262712318175933,8.934282467657107,0.2212582144354084,0.04064647918725605
55,26,1,10040,1024,8,10.228969875128353,58.891758276538795,0.062274963,0.40035025184640993,8.133717259508458,7.282216169247929,0.24947617446924197,0.06835067901141847,8.123919949116676,7.063882281525918,0.25078346137303215,0.06837946403359398
56,27,2,10040,1024,8,6.509816294909912,141.71191835222038,0.23520929,1.0560032680787292,3.7586551602579417,3.9544281006262247,0.23031291309063553,0.07678164378057906,3.783572587517254,4.650171818421581,0.23315854980415723,0.0592173905398158
57,28,3,10040,1024,8,9.687831360003228,28.214935733612855,0.10163233,0.3665673414580512,8.384616424265626,10.814121265167243,0.19322736102025925,0.047030555711550376,8.193096543369256,10.65718768830476,0.19470465572396028,0.08447215933997226
58,0,0,10040,1024,8,2.972428430684275,131.44466882982252,0.012797783,1.0270982940238214,0.0,0.01978234099259888,1.8872038223967858e-07,1.654757637205832e-07,0.0,0.0,8.218904133195688e-09,7.3997135260841345e-09
59,1,1,10040,1024,8,7.05107286746978,118.70721937609959,0.2110951,1.0439348903900467,6.02115585938184,6.7220992709772895,0.07399903287038524,0.08681090754416981,6.063531913206691,6.9680257207146274,0.0826240270218481,0.09334378355740719
60,2,2,10040,1024,8,5.8574549864942025,99.81253370832984,0.13235182,0.8216670861907199,7.761901701143569,7.774774922276757,0.1681520353961622,0.17155149163775874,7.723633976014169,7.61682492450646,0.17145979066019723,0.18168862018316842
61,3,3,10040,1024,8,1.4243652249253729,142.65264943223127,0.1368894,1.0094838436531777,1.9071884537418695,2.2582835502069227,0.2018764397097255,0.20576727173137999,2.0793321637136084,1.232332935385284,0.20573380387811296,0.24779204266149496
62,4,4,10040,1024,8,5.585670061334664,87.6672410528841,0.12097897,0.7339856359265164,5.0637221391794975,4.2810022034694715,0.20469044792272426,0.23372447327945792,5.1037983280579295,4.311984704523097,0.19939123656115745,0.26282880234115064
63,5,5,10040,1024,8,7.440282008754466,153.5326452934945,0.04691932,1.1617311283847342,5.88209093824616,4.910268245604009,0.25171351834277605,0.21827187854930344,5.849145065567748,5.075566549459249,0.25069681281814565,0.19276371123215524
64,6,1,10040,1024,8,7.137403079517381,76.98926093607771,0.28538218,0.8264977150450532,7.339531217753061,6.057582672234303,0.29977130656926376,0.20170307275187768,7.324050901944752,5.99853498939184,0.2927250887619032,0.19925963823784398
65,7,2,10040,1024,8,7.090800657681538,25.481527036367954,0.16956966,0.2655414613813494,8.110782107815389,7.253775981050786,0.2369822125466725,0.23516626715705644,8.344780969050296,5.973984862611303,0.2452929635861257,0.26984413414264025
66,8,3,10040,1024,8,10.604504211394282,89.8046384522996,0.33788633,0.943142173048343,11.261651654320225,12.404467223559212,0.3226945126217315,0.38997084091047435,11.23402957554711,12.50295463354163,0.3235329298861633,0.35614929051650845
67,9,4,10040,1024,8,8.777940106483,162.02725644644275,0.40510938,0.9935107650801267,9.034266825097738,10.539203001163546,0.25925478072802854,0.319529880619517,9.065805814503562,9.420821027627404,0.26155993433699803,0.3220990201432118
68,10,5,10040,1024,8,4.078135158841646,9.54851503022989,0.30938825,0.3822995869809568,5.138809631764948,3.0405490047641597,0.20046557779534213,0.22321758407183856,5.279226732470451,4.244255645879633,0.20326469343515574,0.26313345215687906
69,11,1,10040,1024,8,9.48696734252162,144.64456574436167,0.28721595,1.169929268072835,8.501697121083996,11.782439842448921,0.2342835823989239,0.24844293941845277,8.42653419400501,12.027580714860811,0.2345389358801556,0.25200152097232026
70,12,2,10040,1024,8,9.814939682558611,121.27329226902124,0.27070707,0.9201895508691117,7.147620536151553,9.829744070868047,0.27391928790944986,0.2138528367569921,7.324087108232303,10.72283044600205,0.2694176775528392,0.19728239742832845
71,13,3,10040,1024,8,11.586703416034878,17.815524950772854,0.2548703,0.3711873077350783,10.871006228173965,7.717866815877879,0.24863539996801046,0.26739447382713427,10.908391876297799,6.248513622114696,0.23853381346304028,0.25299150282601723
72,14,4,10040,1024,8,11.8486588503196,28.456131268583285,0.29928318,0.5078874431743712,10.209792233713317,7.587639832860484,0.2429811462928187,0.2183631369932125,10.16014695773211,6.79494290121898,0.24311751310526813,0.1949021400202883
73,15,5,10040,1024,8,15.162809627838483,130.41094281700146,0.17056158,0.8895810645358797,13.658810726739917,12.827025770112304,0.25071310991429174,0.17195896635343147,13.57750492806335,10.83047233159738,0.24125232371564284,0.17279131345064197
74,16,1,10040,1024,8,12.389018052060848,132.24940312129914,0.3435846,0.8608955639856338,11.391166879802919,7.505607928793696,0.3426609442497187,0.1952344904448015,11.384088157900209,7.3036452409559045,0.35922393284369064,0.20809035248557384
75,17,2,10040,1024,8,15.563898652057798,28.442253474327735,0.19298385,0.26263671788619897,14.566968791681706,10.985338283593066,0.34195966889140716,0.2375148207161603,14.522135042379642,10.122289054103323,0.3442738958851913,0.2526960184697287
76,18,3,10040,1024,8,9.407279106894572,11.388919940207323,0.3951024,0.31704185156003456,7.556123318343327,11.516513486220765,0.3078725775502113,0.2591724767598374,7.6206468045250535,12.468711582838413,0.3183696183443751,0.25770187231454983
77,19,4,10040,1024,8,16.088116774981724,42.262814297895055,0.28283092,0.24445759744302037,14.428345952542834,13.101091149166256,0.3322455877017772,0.27579894928977206,14.403181512091974,11.84572093466883,0.32193009265841327,0.2711673897646132
78,20,5,10040,1024,8,9.88154872910551,146.30658226093672,0.31134284,1.0375797588815183,8.198874120590961,9.858102913252893,0.33710562183617704,0.25301366221447175,8.223112967688706,11.00266433659891,0.32630371689020266,0.2432235896716962
79,21,1,10040,1024,8,17.443573382667466,104.7177622873415,0.29749626,0.9028853048875966,16.287752033372698,15.748059777370385,0.37619231607073284,0.19982591548023512,16.1708050389506,15.637156941025205,0.39008607682310803,0.21087800829717898
80,22,2,10040,1024,8,17.851545798678206,95.65351173448143,0.273862,0.5591099098248264,15.382020633458088,13.03692181639861,0.4159713846333211,0.26787136451272037,15.456014869579727,12.033855718579174,0.4194184008251351,0.2610142578633771
81,23,3,10040,1024,8,12.02480345620284,33.84817755809619,0.35684714,0.3860179530163513,11.279581212896057,10.966062189382349,0.39149468280129035,0.2821315997308331,11.324028200339178,11.54122083400046,0.3804185537633604,0.286564523496792
82,24,4,10040,1024,8,15.457288891209243,46.89034736883212,0.30110902,0.5273987510009644,15.286529630643289,11.603223303244556,0.2895418654956798,0.2837240768080775,15.30080774601841,10.496772017037484,0.2887806885530318,0.26784136238568107
83,25,5,10040,1024,8,18.44177942624913,150.91945339485946,0.34894067,0.77835326931451,18.47328600114157,14.227938752290733,0.29183844633310396,0.2915346170755485,18.48438665894312,11.374598522517836,0.29718753215476235,0.24159791982039294
84,26,1,10040,1024,8,15.468279194486403,98.26465706980777,0.37862077,0.9360532781687906,12.453680101798819,14.250312920411414,0.3978265839119853,0.2098762599459405,12.726151653248731,14.279135346753717,0.41262218170294895,0.20875557901975278
85,27,2,10040,1024,8,16.928197256519606,156.92362418653153,0.25606915,0.9641705087618033,15.410912415751422,9.780603095182375,0.37526576911493154,0.2089888018062884,15.391752401885531,9.787102032769944,0.36948567494403045,0.1959177729816787
86,28,3,10040,1024,8,15.762065971487425,54.7230472824123,0.3398552,0.4762876973730065,13.912840130792402,8.375828514806415,0.3635033043194169,0.18892941166263497,13.800239901603979,9.09528513710302,0.3739277328927456,0.19184010929249862
87,0,0,10040,1024,8,2.972428430684275,84.92569943421746,0.012797843,0.7867970419705255,0.01978234187693843,0.01398822750703646,2.368283654120146e-07,2.240684788650575e-07,0.0,0.0,5.646786370857402e-08,3.7195484237426934e-08
88,1,1,10040,1024,8,11.58360843327214,107.56869695309521,0.16130407,1.1078529029447877,10.01397000102712,10.17811218802314,0.05315587862408664,0.05240890269113783,10.066502455432,10.281925402568369,0.057348803545167935,0.05745402324508516
89,2,2,10040,1024,8,9.797254071631922,30.41868242939763,0.18513522,0.2639413840288099,9.42161136313904,12.362780632215694,0.1574386977253249,0.12118018638078232,9.456014356315837,12.460318632820085,0.1591234701362086,0.1280272875023861
90,3,3,10040,1024,8,9.272816225570079,53.55050343255369,0.08688323,0.5989367836725407,7.866151127610026,16.627658010165614,0.16680048932657268,0.11674870236878107,8.030986515876771,17.507823080004282,0.17080064460155767,0.13189065484073376
91,4,4,10040,1024,8,11.847294912544625,177.43596426187244,0.115383916,1.2461159798328825,12.049629291903187,16.632518773991006,0.1537025351747151,0.1110264725778286,12.126367741843666,16.61278862117949,0.14200293241301776,0.18082585159051362
92,5,5,10040,1024,8,3.629898387117684,2.7698615646704887,0.15458043,0.13746941061727652,3.0955318709867488,28.027625789581244,0.17078448622107728,0.1799918320625227,3.3846969786532783,28.20492402688811,0.17211938389170853,0.2871834296742461
93,6,1,10040,1024,8,5.664342785060242,163.41099560138565,0.34389386,0.796984643495946,7.850737348015123,7.203944224270219,0.22845711049008102,0.10479048642272462,7.928432902330183,7.492459298926142,0.2368656872521472,0.1654318384179783
94,7,2,10040,1024,8,10.376496592689225,9.303754435932793,0.33248866,0.3681349834178885,8.889392097304924,12.314648077927265,0.23075330988207904,0.09027862357813915,8.948429475337855,12.263768756960106,0.2270915433823568,0.06858028000745087
95,8,3,10040,1024,8,6.2424009326806535,94.69524341466814,0.20060392,0.777732277637761,2.3518898060329216,15.018762640715401,0.22459515300077534,0.1074217976983015,2.4917184461542465,15.556102128519177,0.2181280834559914,0.1549365909154971
96,9,4,10040,1024,8,5.958450695060545,60.75860323724059,0.36774912,0.5441463553277087,6.600798716861064,14.532177359139673,0.12903100042106116,0.18800303469510377,6.733098957152119,14.449298788969699,0.13683399570486537,0.13148759051374095
97,10,5,10040,1024,8,3.260267105085278,47.147884908860156,0.2430691,0.48237232034719274,3.1632986737239843,16.18541822790025,0.12446844123672406,0.253281800772138,3.302425364609456,16.93012775637003,0.145373459242249,0.31539957147356285
98,11,1,10040,1024,8,12.782467111337175,109.4280876745589,0.17621426,0.7615087211710356,8.784466733487667,12.518163854136253,0.261876196265165,0.11130583892154014,8.308743415317126,12.241530883326487,0.27233396886815636,0.09627600993273075
99,12,2,10040,1024,8,9.531824100598136,131.58245456613358,0.24761242,0.9250588497127061,7.615931500176484,11.282680334170983,0.260092954000234,0.11385402131750864,7.417287664457071,11.12505652514348,0.2679749379429101,0.1522307082550139
100,13,3,10040,1024,8,9.72930578492601,48.743321380458596,0.29680666,0.550809377843269,5.3295621189293065,14.528488946911983,0.234045238507642,0.14177547081061617,5.4452247184582285,14.986216749230021,0.2196789812041603,0.11074561461746685
101,14,4,10040,1024,8,9.266201384313696,9.596830956612973,0.27002,0.17619614476689438,9.146301235944232,11.805193022542303,0.17403193217230284,0.1748287548182768,9.321314656076002,12.304772498969763,0.166546462410829,0.20524581307860695
102,15,5,10040,1024,8,7.566700568702558,179.7491545787676,0.32443687,1.0539205722448186,7.4663532782926785,20.508802767567442,0.3278827537454669,0.17953511608489953,7.545168154078037,20.529672028408665,0.3276191853521133,0.22505720368459145
103,16,1,10040,1024,8,12.457626999528838,35.365815795609024,0.32744497,0.3628882900129973,9.952881628371795,9.522940234979622,0.37801203541759654,0.13914197987469387,9.919872604203809,9.259914077776012,0.3680211018545696,0.132829288508782
104,17,2,10040,1024,8,15.16711767609823,115.40921275757066,0.42281967,0.848667717814607,13.34346296068693,9.447352173845244,0.38894507769782005,0.14070151824176352,13.302231571764251,8.54199513939036,0.3791726181482099,0.08468814188186388
105,18,3,10040,1024,8,10.067319018870707,38.18875156880634,0.39520347,0.33975357741039963,8.251107678346806,4.375571831063529,0.18767684303763257,0.22183979082793837,8.002451650069075,4.987723423199999,0.17327315215254505,0.1643447671182221
106,19,4,10040,1024,8,10.783171941540372,15.84542646921095,0.3465495,0.4233799872224166,8.944207738561483,12.475153135204913,0.25959559448812886,0.2587127107572066,8.696801037483752,12.63546939982184,0.25394718209777917,0.22566273689088331
107,20,5,10040,1024,8,15.04127399079848,70.45545131695208,0.2944137,0.5679506226809714,14.179048005765814,11.899035260753921,0.19269478226466552,0.26458893676821377,14.14426306733907,10.812313872065442,0.18823877271662684,0.2991910865546408
108,21,1,10040,1024,8,15.638995548797443,30.608189074938924,0.20123342,0.23218500955617496,14.093453144443421,6.583747913037838,0.3166992320315844,0.16745509803953043,14.013011706166514,6.061604698537258,0.31538222225546847,0.18498177683832057
109,22,2,10040,1024,8,10.147067340221719,170.72400974107478,0.21829198,1.0762482561977331,9.92670401873658,6.055769354607328,0.34064385724296253,0.15343886669089737,9.940199281484267,6.10679179708286,0.35005369887637605,0.19066584604015918
110,23,3,10040,1024,8,15.179121688061112,21.813455930332758,0.2614563,0.3636575567475572,14.251591033387998,17.372025844971713,0.4717699133481059,0.2284370767374414,14.144748586684752,17.54974563641999,0.47246540233654666,0.21482798013827722
111,24,4,10040,1024,8,12.923064738808986,146.96258684441872,0.3299676,1.0583137386548553,13.382230228779541,6.824568851869981,0.3714369356497894,0.2183153179159853,13.394944960848774,6.598747681177428,0.37471174987873773,0.2387515127445132
112,25,5,10040,1024,8,5.9494956182935645,177.23245478176946,0.28961843,1.0235761500019944,5.536903420388595,9.133475340652124,0.3241385441167296,0.24815734722427504,5.611976670376055,9.991834848782812,0.3290620012388246,0.23873395441730938
113,26,1,10040,1024,8,8.953262754600441,126.98670045668159,0.37912542,0.8540385218162635,7.411037414557636,4.884562930013062,0.4048764853914407,0.18098728980568415,7.357834421547899,5.50974234082019,0.3924087595038354,0.17122350521330115
114,27,2,10040,1024,8,14.879908139848117,92.68691407998556,0.33418444,0.7023207807178553,13.69618698126433,9.017084777988554,0.49462443149835933,0.21097653015002515,13.889396959287058,8.721825540660394,0.4916567014365682,0.19722251811217198
115,28,3,10040,1024,8,8.748081418398588,31.349819400602293,0.19444823,0.5749561731210769,7.925576544819507,7.555821870419928,0.47100392364615373,0.18516956302296475,7.8650158984209275,8.085167828570615,0.4796964790800324,0.262055343417913
116,0,0,10040,1024,8,2.972428430684275,45.91624629671524,0.012797774,0.4667645653658594,0.024228320840277217,0.013988227611256877,2.3248279336661372e-07,2.535253703777371e-07,0.0,0.0,2.1747904736919385e-08,1.7938991366929193e-08
117,1,1,10040,1024,8,9.465768302455984,90.51237403523498,0.09182234,0.8435134281442342,8.966187481593565,8.653084951305205,0.06683044892188424,0.05684776114331683,8.941684004773133,8.635644082924776,0.05189845898770553,0.04513098313507347
118,2,2,10040,1024,8,3.8429785533371374,146.99358788050748,0.13233389,1.2130330036078005,7.926114524745627,8.029507454235885,0.0755121686759183,0.07271717856751729,7.708790503820471,7.9581571795815655,0.07806243593212255,0.07234587191550094
119,3,3,10040,1024,8,10.961008805572794,95.25464065246283,0.16946885,0.8962410065542528,11.047306309175251,17.91892950296178,0.12145409022876978,0.10285133994971461,11.073246946906467,18.007770265107748,0.11554310508077206,0.09970224492442917
120,4,4,10040,1024,8,3.785169553751286,22.536757901743336,0.19487135,0.33026802188515186,5.107100209767085,12.49383814807239,0.0846041784189876,0.07242389155764543,5.118608652392203,12.100676237565436,0.08163768518477223,0.13723671110309632
121,5,5,10040,1024,8,5.590019081400399,107.6088180302233,0.21733828,1.1098815150971428,5.296586453821783,20.210836460081595,0.07647674381149255,0.10493468609895329,5.340468270488109,20.102365211318965,0.07930661169162902,0.1560277046057541
122,6,1,10040,1024,8,7.603129509901972,15.034322201831706,0.26577002,0.15999271732708384,8.501203028201845,7.6983712256005585,0.13905997450720411,0.12805305129579936,8.61037896779685,6.020998680223139,0.15279689352366616,0.13302345393514123
123,7,2,10040,1024,8,12.239200982038389,60.35219891088756,0.21907948,0.660628928777527,11.242639595781327,12.157429641049932,0.14076354001750868,0.1103986662351167,11.102839423310463,13.037643953590413,0.12998453884564257,0.09172811922731874
124,8,3,10040,1024,8,11.451119807349555,158.17143047211658,0.21693729,1.085784432231447,11.440085409517811,12.847729372285066,0.16945282039517026,0.06525228773329526,11.41693773743447,12.76625581118413,0.17089012402628678,0.0664169248595013
125,9,4,10040,1024,8,5.158676418725283,127.26131882551293,0.19474368,0.9120960126580506,4.557332248614485,8.3097811430388,0.09026166275307611,0.05167605712108843,4.5873272526139734,8.275996608258582,0.09614986748042773,0.023933199936758465
126,10,5,10040,1024,8,6.857695974680574,103.3662692451906,0.22517632,0.917615693536613,6.853944698409858,8.976124645438759,0.11132283639678935,0.0491375728536384,6.861991415486813,8.695317502316605,0.1255359668016195,0.06163400148515321
127,11,1,10040,1024,8,11.212907372385402,59.459404500826274,0.19503586,0.6287244197287655,10.188431729082428,11.171048249991964,0.17258104101955166,0.06538751634980688,10.186453043609882,11.054926316879682,0.1878498386700962,0.07613405566065808
128,12,2,10040,1024,8,5.953645594482268,113.77116840466294,0.24084558,0.8799503169556171,4.5381084032653485,9.188995113155631,0.16265459566228047,0.041422550919599226,4.44893146692153,10.146461683687022,0.15723463460637732,0.10472621725425221
129,13,3,10040,1024,8,14.733903288013394,18.491522952502866,0.30065554,0.3166093514450722,12.105518619539401,15.589070016690673,0.16816688979304711,0.08727672044104054,11.98108418110245,14.496933595405855,0.15672893551049388,0.06814457067837716
130,14,4,10040,1024,8,11.543162644847104,45.803022804447515,0.25394383,0.48443800821131733,9.731396270365964,14.40809313995592,0.17112081918863276,0.10809165537223774,9.55769725456777,13.642690011686273,0.17144206158631717,0.13806661444176052
131,15,5,10040,1024,8,12.461964039756309,21.614596165110648,0.25063673,0.25733548227746034,11.412304493829257,23.677486110977,0.1297766526295157,0.20696219646399425,11.412967878916715,22.913319151136243,0.12936276889977794,0.19322570109315448
132,16,1,10040,1024,8,8.64745032195865,166.27030429624693,0.17461723,1.212798348124475,9.062407467236342,15.028046463803063,0.14260143723967114,0.07344652108742082,9.060499761661509,15.288011863613507,0.13481374203443527,0.07935041536337589
133,17,2,10040,1024,8,10.632230266997437,92.58724067180535,0.13200107,0.7787681780646171,9.852930819906474,15.474348737609407,0.16351002408722803,0.031677295075055276,9.87417612314355,15.934624983626552,0.17893957144759431,0.043497514574324554
134,18,3,10040,1024,8,11.456829382313225,19.869421979744338,0.16943781,0.13989788393122762,11.44300143822254,13.279214349943928,0.16165429073496032,0.03440922624478681,11.484621784250832,12.91868949551188,0.13519122887966542,0.02824768015758668
135,19,4,10040,1024,8,12.082597064824537,164.25445942954133,0.11335781,1.145572770572946,10.819100725826068,19.973117854599128,0.14140415885510715,0.08780678847825671,10.832956212095697,20.356207518029063,0.14372055400925468,0.044678187654300434
136,20,5,10040,1024,8,15.833818594330117,83.26113667455625,0.2545113,0.8428900195277749,15.163231215498948,23.058902501600322,0.1664009424819619,0.1279514803310014,15.194347184461677,22.01912179145702,0.15583988865573523,0.17978592256498177
137,21,1,10040,1024,8,14.573500220983007,85.80469931515687,0.2250275,0.5903206588573666,12.600391825044824,16.37426060239572,0.19878636957845003,0.05496814445105836,12.594631775529342,16.098617003580866,0.17496327917871124,0.05297206893651128
138,22,2,10040,1024,8,11.113313598513715,178.2587318775844,0.19808233,1.109947178855984,9.848912972853217,13.132862866163961,0.20631018379244118,0.05845240271764093,9.791812352151569,13.512463449135273,0.2038078106274628,0.054178210247298235
139,23,3,10040,1024,8,13.440156572583822,105.47692169602738,0.22029398,0.9525338598644866,11.99533881529804,15.042768473397988,0.18673334582195206,0.07333138816635897,11.950310580940092,14.772152852598115,0.18331013275307786,0.06392159028482075
140,24,4,10040,1024,8,13.13556009581523,129.64597960911888,0.2311229,0.9598674572828487,12.19129112926634,8.246169184201053,0.15168618534628808,0.04127434599331982,12.118619453858516,8.23375671737456,0.16028249751233406,0.05421886526025058
141,25,5,10040,1024,8,14.46955343382249,174.1684365708773,0.17864314,1.021792564988794,14.265327560195281,11.605985428634021,0.23643969694131048,0.03348390710184205,14.202385208369073,10.305145151607702,0.23562199312364737,0.04430310061435947
142,26,1,10040,1024,8,13.769695106738606,57.67827169526759,0.24546549,0.4902687565651207,12.418241511096726,16.850131394020806,0.20691201399096804,0.07024342956091599,12.457434924183989,16.69722143252488,0.18476828526575953,0.0647704118732479
143,27,2,10040,1024,8,11.958364870198219,147.60741376513388,0.21646328,1.1498572972576513,11.559586885518494,8.887355854155814,0.212665113807092,0.07430195850507297,11.599157563830984,9.500166739008838,0.2383890790489957,0.08754223137520555
144,28,3,10040,1024,8,17.52155719086205,131.10241297076035,0.28033766,0.9383629760316502,16.47364772212489,14.270545274449388,0.23119475332420983,0.05299374859972944,16.469489895628072,13.028474044944037,0.21459123885721595,0.03204303113854782
145,0,0,10040,1024,8,2.9722967116920787,162.56535995344117,0.012797721,1.1287838903832303,0.0,1.2074182697257333e-06,2.599710123677368e-07,3.203509615387682e-07,0.0,0.0,1.5959075981615952e-08,1.2987456956263274e-08
146,1,1,10040,1024,8,11.230245751042514,114.67889540450976,0.12291787,0.9735191433762281,6.26124008862064,7.374095752779186,0.049141163223280715,0.06461764284977443,6.325255640240785,7.400737395376862,0.05421378276800021,0.07010603417992327
147,2,2,10040,1024,8,11.005641590887711,148.01479540558873,0.04958566,1.0492242910345633,6.513909418268245,8.908759943751143,0.038410210113938074,0.01283047860999778,6.482408372157605,8.827712060017781,0.043090542907934064,0.02573910140418727
148,3,3,10040,1024,8,10.206290826643327,173.32548083203463,0.1321521,1.2311350749882108,7.983283093420283,9.090260855769428,0.05232538876766592,0.054216975136538774,7.981532465489793,9.075922595698376,0.048841127427305495,0.04718237764286401
149,4,4,10040,1024,8,4.931335278151087,7.639766202264746,0.12010127,0.08718035461219581,5.016651466246511,16.317545651988695,0.20667367055429867,0.10500437737201555,4.944165744259357,16.374544145687338,0.20766754590006298,0.14587188956640787
150,5,5,10040,1024,8,7.665749270021903,170.2079092155873,0.108467594,1.1045418368425286,7.229433154737869,11.702954592085742,0.05984246045114981,0.061894648559511024,7.387980419118219,10.446594918919903,0.05750083123038705,0.06965265260382668
151,6,1,10040,1024,8,6.945909542567929,65.75032765709653,0.05923736,0.5048513493994125,1.786492553710317,9.819755405923202,0.10532722222674774,0.03260677123527788,1.9036999837099369,10.27242217378616,0.10665039727641312,0.0447154161723832
152,7,2,10040,1024,8,12.151968328533583,151.63337289850801,0.17813241,1.1383649904208495,7.91437422781227,11.811884307938358,0.12999484207478923,0.03192614148083264,7.795451982678811,11.45079967103913,0.1301263917554929,0.039535092501291426
153,8,3,10040,1024,8,15.22012634623939,41.426776153748285,0.13185474,0.54228836967196,11.23048551246303,14.942115904786743,0.11002079578308561,0.06276973888357772,11.310196627399138,14.789244350446882,0.10770030268933713,0.07135605154819875
154,9,4,10040,1024,8,15.344718176542733,52.88063239863376,0.19067876,0.6956092680959964,6.9392269588430935,12.384756655298855,0.16029501776086463,0.04568958768258632,7.183183690667879,12.76320919924292,0.173656541382263,0.10546601098371516
155,10,5,10040,1024,8,13.593312481764901,15.307811392519545,0.042612784,0.14792261524454361,9.26459297792268,14.748728174558089,0.0799675173347938,0.08148774465019641,9.38878381138657,14.807216633695926,0.07432820199279024,0.09604746511251251
156,11,1,10040,1024,8,9.281882828907356,96.42868840363417,0.24063045,0.6880132605003065,4.136861003930847,12.10096895925456,0.1511756495680372,0.03223294472734439,4.271425118387528,12.59447670600176,0.15061509014441274,0.04492687908731244
157,12,2,10040,1024,8,7.9089204316260515,60.991243465184866,0.15710238,0.4924446790817445,6.522747110463183,9.636665889023316,0.15687001854300897,0.06023394231469909,6.4867894346615875,9.846700508415891,0.15196225762879773,0.06927014783762653
158,13,3,10040,1024,8,11.028337398068402,122.49006540752008,0.15576178,0.9056817120571905,8.37683260298381,13.210003274723713,0.13683567223765594,0.06068795752269029,8.415075129643071,13.390750519789504,0.13477551768568355,0.07668047985183195
159,14,4,10040,1024,8,13.688797889735289,116.2131486156874,0.30926365,0.8104396901914911,10.951626535679933,15.514325588504434,0.159007179201274,0.07051840215160428,11.047493587774866,15.297801931869492,0.16191618506234462,0.09749602520954628
160,15,5,10040,1024,8,7.617879297932511,169.07340378159373,0.20186758,1.1030155107327806,5.968663421993113,11.25043840991567,0.11699870647755527,0.09740434104962876,5.93815450786433,12.186606949264212,0.12407816404299317,0.15249799259135963
161,16,1,10040,1024,8,16.361101134442485,159.48979951186618,0.3171923,1.0051012679099367,11.262735470767788,10.463657982427499,0.25734723519346736,0.0334532400185609,10.996763631712303,10.019711098968779,0.24859464023050198,0.042189049427214735
162,17,2,10040,1024,8,5.300012495578387,87.91589375728533,0.26485625,0.7939217653419546,3.6085286598072126,6.358245946498036,0.18144528565402737,0.1234388940229745,3.5970254035759033,7.87965079150872,0.18442716675647267,0.14139721405136613
163,18,3,10040,1024,8,14.004615124236485,47.12067647911114,0.18234466,0.2847422124021303,11.156502069774518,8.05838789508242,0.21067546421028244,0.05124325808960533,10.95456469533287,6.547313898735628,0.21831978482260547,0.06966896915811478
164,19,4,10040,1024,8,12.31058631468649,151.44777094715974,0.28276947,1.0451880575514043,6.975481220337361,10.709790512847016,0.2060972866311983,0.11064827905395785,7.167167726878274,11.309537684835496,0.19100422209858,0.1487026233523894
165,20,5,10040,1024,8,11.828849919925458,150.83230200875934,0.22150655,0.8259228143089693,8.438301339188566,11.871119954485058,0.19102873665706138,0.12306766083204357,8.603138081728805,12.299444920590615,0.18051006861915903,0.11827166810137446
166,21,1,10040,1024,8,11.635333819343854,90.45528868476346,0.26600978,0.8592171629444619,9.847815688672508,13.297019427496092,0.18726009257531318,0.10325423204122128,10.030132960040687,13.348387537086861,0.19252391987163694,0.10157346187277862
167,22,2,10040,1024,8,12.72572603229823,132.51359752921957,0.21163683,0.9566436666789733,11.545238225725301,12.4458326008625,0.18996023191397193,0.1391488310427423,11.400894704090014,12.520782420315404,0.18182021958586322,0.13047609735642687
168,23,3,10040,1024,8,9.505514263779459,10.608858993977252,0.21325132,0.2109188980934916,9.951415496827352,14.257809683760485,0.13808652907676866,0.1836357770673572,9.862214561266892,14.951925778842044,0.13156897165607895,0.12381034025087051
169,24,4,10040,1024,8,6.286031110360963,138.5813634135013,0.21437648,1.0934747602427715,6.603379228176888,25.38350822775214,0.1716206072855278,0.2802755400503491,6.715314412221605,25.937006126546414,0.1749495685365812,0.29327526632336876
170,25,5,10040,1024,8,5.448487184614495,137.40111115762105,0.300181,0.8809792205274711,6.180456363257718,19.600126377236712,0.16135257418892596,0.22482969825931387,6.239314280713311,20.805520871161185,0.15647921229131692,0.22720978228729663
171,26,1,10040,1024,8,12.967243927093024,7.705832711547686,0.30159712,0.21285511124553536,8.516661908657568,15.712278318042765,0.09421329592745592,0.13753745250913876,8.382346349899674,16.04938034991591,0.10767680142382136,0.155729375030877
172,27,2,10040,1024,8,14.054203186689335,65.32278780666465,0.22997606,0.7586243119994918,11.857461125875496,15.661056196136007,0.09714562110060314,0.16063584828437233,11.991500080641176,15.581411369010434,0.10266861053706632,0.13976006049740503
173,28,3,10040,1024,8,15.441315025574198,169.68730898971347,0.21634553,1.1815390278940767,12.681463347001259,18.184440537379334,0.11941738792831759,0.16140577860352112,12.858934081500339,18.066090630044243,0.1284965473298189,0.166916702773639
174,0,0,10040,1024,8,2.972428430684275,32.878252793458756,0.012797783,0.34570954844260093,0.024228320810191373,0.024228320810191373,4.004060436054052e-07,2.597568208064764e-07,0.012452437076765797,0.01592584002610649,1.737685262297049e-08,1.8804158917398557e-08
175,1,1,10040,1024,8,7.281466861492896,35.09133321657409,0.13113093,0.43817380932389727,6.418137002401862,9.514748053257053,0.08634619312681684,0.10271021398166662,6.403302348357086,9.445764372750924,0.07668602536221313,0.0832605620427026
176,2,2,10040,1024,8,11.480394661115383,126.89936954763276,0.17517559,1.077280959860799,7.937484567800118,13.601907800198967,0.04960786210596049,0.02767554896579987,8.001282554314766,13.747907015640049,0.056166444761760546,0.03282544633312819
177,3,3,10040,1024,8,9.371273739813475,107.6503360542988,0.18488157,1.0834171037291787,6.661240733852955,14.183912211600134,0.08703003688625707,0.01971920508434882,6.68389165270914,14.417028566446023,0.08933920109930596,0.009168698280158321
178,4,4,10040,1024,8,8.213818860696225,175.7377222643398,0.06575086,1.1212784305877956,6.552971344627421,22.669722811318703,0.3195804305763935,0.47446739187813974,6.54828993588114,22.60143343434475,0.30489408109736127,0.41654157235504485
179,5,5,10040,1024,8,8.852105267038324,54.15870841780856,0.1313556,0.6060785826065875,9.186604513086904,19.124227978069445,0.22187457461319865,0.34609537638693033,9.168076226562759,18.618346767031326,0.21014885027040575,0.29081031951190434
180,6,1,10040,1024,8,7.254472217799271,18.04093246071092,0.24237855,0.3486318227782754,8.084198470563784,14.85932013805999,0.15544729247046749,0.21962331157211779,8.059770929405811,14.363269510691914,0.16853546606164865,0.298615947909703
181,7,2,10040,1024,8,7.130803443399482,50.690754423164435,0.2017698,0.6252194414674467,5.564528337138635,21.12449503516669,0.11724533092080526,0.2941013706394806,5.584064724606232,21.12010894607442,0.11373987117524216,0.25267604256157905
182,8,3,10040,1024,8,2.237908907544224,40.15970709324516,0.2712495,0.638944584902995,5.167735493737075,21.536188895917164,0.08977361276091163,0.2525172046064173,5.385820590618256,21.558253229054685,0.10511561100304047,0.31800731650564723
183,9,4,10040,1024,8,10.37118629063274,75.48528080433829,0.3054053,0.7081959060439484,9.548447265589541,31.814857707001664,0.09912226650904833,0.3275827420593225,9.60930075505202,32.14674065850149,0.10196483150923467,0.3382559290209809
184,10,5,10040,1024,8,12.839146007349871,101.1447254469634,0.1987795,0.8913059827256151,11.542146891118637,33.41614857267331,0.0742974383719309,0.3089415189347634,11.690452806439156,33.58709846897665,0.07636559025206395,0.29389500640809557
185,11,1,10040,1024,8,10.00193484080872,98.12829359833445,0.12806809,0.9461303859473712,9.206391212227393,20.9425613343367,0.07871304866559384,0.1526338160480199,9.278579751173064,21.832298890527607,0.08541743473187277,0.1767216862830871
186,12,2,10040,1024,8,11.743212305176602,117.83561278077349,0.16141045,1.0163042535749591,13.566595708633633,40.53823602727388,0.13487586124163528,0.38605275419902835,13.412548502089301,40.336228001417524,0.13109656820745258,0.39491980176908
187,13,3,10040,1024,8,10.868990936888759,93.4232263792668,0.08187712,0.7249656241956666,12.756449083176685,45.01318046273296,0.1537631924091151,0.4166009269906359,12.785549377681566,44.26045808896542,0.16485338640843322,0.5068220812184187
188,14,4,10040,1024,8,13.15661213212807,94.7580570356184,0.080456845,0.9341789470688004,15.612988957925308,47.408242020968615,0.17804149572198485,0.47609915500833416,15.631479179481813,46.57696474707465,0.1847027140862502,0.5906470419557877
189,15,5,10040,1024,8,10.880431182622893,150.00918741797958,0.16541354,1.182150348420801,14.226929531893303,54.082619401237096,0.17194409974711533,0.5396068384326564,14.258608017049193,53.880619915209635,0.16689430727961602,0.5579480636509554
190,16,1,10040,1024,8,12.427352962125646,56.329485603487576,0.09568753,0.684180747270532,12.962504880430656,31.98049208312736,0.13962355970522886,0.31982452919508786,12.831484434233037,32.982055521239744,0.12593008069220804,0.33598001985465736
191,17,2,10040,1024,8,12.860521390376684,94.43536187835858,0.12623724,0.8304959537963886,14.340544712054989,32.83728101084635,0.1650296668243209,0.30775966454650416,14.559128514179756,32.45782856900695,0.15344797287206044,0.2929022285706065
192,18,3,10040,1024,8,15.029136113211576,166.9266799787582,0.19456041,1.08821986507979,16.893880803550132,37.99307520142753,0.14369334402183417,0.33518669674683427,16.780285004920675,37.87116798585378,0.1544103590148693,0.32303979482661516
193,19,4,10040,1024,8,11.809709089658115,150.23536814141707,0.1976645,1.0559120710469936,11.908635348927653,34.0263464183938,0.11115811770316038,0.2967391984984889,11.948443903116454,34.522951638281796,0.13286860183527968,0.3578230526250395
194,20,5,10040,1024,8,9.008829133137315,71.61229550850643,0.16607642,0.6751071003708824,11.765520380077678,45.19467089455875,0.14477722568801787,0.42512112505165695,11.79133676032256,45.83342683595198,0.14175261423640245,0.44154401120797665
195,21,1,10040,1024,8,16.663320035943805,66.24826530648582,0.1784204,0.44802975045906546,17.22577650896845,28.39877065551635,0.15838036116613538,0.2534367778939012,17.32921790535374,29.402789368912646,0.16730137607770765,0.22437925374321693
196,22,2,10040,1024,8,12.70797827975443,79.41677390872272,0.07929213,0.7999292458367468,13.755002557430373,24.034115940948965,0.17574226724957173,0.2846291894532954,13.805077247550411,26.01598484995942,0.1766844824715199,0.2977771805598993
197,23,3,10040,1024,8,13.309796479255617,133.31348830462832,0.19173722,0.9734283599073527,15.019457172937036,30.801751128933436,0.14721721092856035,0.34371908210344754,15.057772770132026,32.45781936312431,0.17043846252157194,0.324789193973106
198,24,4,10040,1024,8,21.068187722080502,103.93710815527147,0.06629432,0.9438547172642974,23.283425241767528,30.19598082320467,0.19309953916650974,0.30656580678074274,23.24974386652351,28.603980606879816,0.19077489173578863,0.28330233946104855
199,25,5,10040,1024,8,19.800966733015386,138.08464896387608,0.108390525,0.9879717805053547,21.52346387667784,34.68362889524024,0.21284180404536127,0.37952523935272153,21.703194383484718,34.23246722961281,0.2150239230361855,0.3994294213414157
200,26,1,10040,1024,8,24.43410741091177,80.16375112020938,0.34964824,0.8316178245874162,23.156346176619735,20.147018180914813,0.2538292399822593,0.12372380441968518,23.388296676718305,19.893070390325633,0.219399555945432,0.1411779655585946
201,27,2,10040,1024,8,20.162820890223603,79.48016329502991,0.3399893,0.9533524304598797,19.105000290876195,20.28657903843955,0.23444704441789208,0.17558040476785944,19.117157200634804,21.088948170807242,0.26814279135267205,0.24235509350578266
202,28,3,10040,1024,8,17.88151129757738,48.08024459978449,0.37337738,0.49926916274443967,17.234529504458312,21.383973563427553,0.23912254633779284,0.18142223426373916,17.27832637535059,22.653169132864786,0.2376460477789185,0.20053319437940748
203,0,0,10040,1024,8,2.972428430684275,131.02449393695304,0.012797888,1.0461475871157142,0.027976455170403553,0.0,2.4821812350756417e-07,1.5893888446569386e-07,0.0,0.0,2.530719757004201e-08,2.5307198829358794e-08
204,1,1,10040,1024,8,5.81729527996865,176.65531871306828,0.12407702,1.1071308192902425,7.4477475925716465,9.953244347860421,0.12166476984695976,0.05334796152066563,7.496930816170854,9.954230615491369,0.11672796465975172,0.03154051462773349
205,2,2,10040,1024,8,5.289057618556448,93.37152913166157,0.12416318,0.8498888311264462,7.732247395771037,7.485944391080504,0.0876249160124102,0.02837904410831716,7.6689066638141865,7.28229004425844,0.082419656039101,0.020566225613941558
206,3,3,10040,1024,8,6.910009241791241,103.88969429037273,0.076742545,0.8421937800798001,6.283745518936089,7.550615610449182,0.06570196657221462,0.03727780084614629,6.2719600538595355,6.929556930312233,0.06318041433419042,0.03709279072240424
207,4,4,10040,1024,8,7.538795496699645,11.116062801131486,0.18047157,0.23734775290686105,9.070895656711565,10.30095462807629,0.11238698786319537,0.026737149715380475,9.066482877645173,8.845104628779247,0.10518539344722005,0.051057587695019446
208,5,5,10040,1024,8,10.711345390957431,114.50203709048861,0.13426282,0.8642566111229683,11.924873351827134,14.129267428539352,0.1568093104330137,0.04235071277532394,11.986580062535884,14.405019515648865,0.15002347653847733,0.08227506342764916
209,6,1,10040,1024,8,13.329037741055098,112.63737834221511,0.2565542,0.9004615551271357,12.018189493106691,11.748996010719564,0.09728861299579192,0.04732015842869403,12.052454407319583,12.206951313949233,0.09253230492465936,0.034799024659756206
210,7,2,10040,1024,8,9.65062234958237,91.78158514136707,0.19240195,0.8072959206892318,9.213566060751257,8.360121538607546,0.10301321177264247,0.06464025081182186,9.234433238352658,9.000733257747875,0.10734164961323578,0.06744551261844654
211,8,3,10040,1024,8,7.00210631241898,86.252012394535,0.30446145,1.043676545210855,7.441740092064618,7.532528704880804,0.07526222888833033,0.06978485697469096,7.485493727672833,6.994685250289481,0.06511590065438912,0.0781431287112157
212,9,4,10040,1024,8,9.060415067635518,128.8769514699421,0.3229259,1.1806344926305847,8.38454572185009,5.793784268812593,0.09309080941828148,0.09078772870374138,8.358132533569055,6.183542677017255,0.08091139442754636,0.07183534871983693
213,10,5,10040,1024,8,5.119176594469477,143.80535373551388,0.27499953,1.0948503036439055,5.940825365871624,10.01032118652644,0.08521104681504893,0.14679799849625602,5.889268588510567,11.002482360813033,0.06843905742081172,0.18508395475539924
214,11,1,10040,1024,8,13.046480624298121,19.542172948658145,0.26036233,0.34645697106501333,12.987692970539335,11.578659077676456,0.16655386856452084,0.02949868863966128,13.004790857343668,11.494351451690877,0.16589131284014075,0.04346136192795327
215,12,2,10040,1024,8,8.138706343818184,94.19103493295125,0.17557904,0.8472940154428703,6.990292090125307,10.069737393479006,0.15257394064428836,0.06791709471944064,7.027186909480553,10.486960576887698,0.1502350410602244,0.07933880699495566
216,13,3,10040,1024,8,11.702973807497505,37.415416433709716,0.23023817,0.4946922340739218,11.282630791266286,14.852147130787946,0.08138596170934181,0.08292616561499969,11.331174647777951,14.529047372536938,0.08170381741360344,0.12458505334641115
217,14,4,10040,1024,8,4.774216730702529,160.49492148423118,0.28843805,0.9438508242685716,4.872183273610402,8.629239689944042,0.09632942553332148,0.12220131286699154,4.8797395974151705,10.968061157551212,0.10102396315897669,0.11084157033863422
218,15,5,10040,1024,8,7.94700130783629,97.51856296000099,0.1585183,0.8185119138165973,7.888283008398633,10.651423095801732,0.10252154914845805,0.08751675033957398,7.887098339700215,11.664107866851593,0.0994259096084101,0.04620606797217402
219,16,1,10040,1024,8,8.379580900974517,34.7050190638859,0.15428928,0.4297564982879565,6.6355497134677766,13.935584222057924,0.10454999885590775,0.06786898641605944,6.78666076180623,14.287621913992636,0.11936191576850323,0.05524281828358223
220,17,2,10040,1024,8,14.180524882403752,76.78402862319679,0.15348943,0.7996317769140461,13.211625743506753,14.116799796885202,0.19512862417897872,0.051888140896838755,13.229175397404436,13.834735877866475,0.20928257694349278,0.0662154087322753
221,18,3,10040,1024,8,11.802097620064243,130.78940367257766,0.10551995,1.0778479470943636,11.627694270466732,17.858124412199896,0.19357164725098042,0.10490913372550081,11.754153136943058,18.599763823494836,0.2019503915812144,0.04900815227131757
222,19,4,10040,1024,8,7.736291894757514,133.63686832495068,0.08789796,0.9416098377110966,8.608215666453257,11.950990574336174,0.09212209942171305,0.11990609154700411,8.697477478488306,13.42493104587437,0.0845850083141907,0.10357644811886776
223,20,5,10040,1024,8,14.685189059831531,92.35410709120217,0.12805547,0.9341679916423975,15.867097977780805,17.54873979790035,0.17130380475936133,0.08894164266095472,15.860481948057458,16.572520624640518,0.17552453469576812,0.15291778919395688
224,21,1,10040,1024,8,14.349693543541548,36.2185899975107,0.2031135,0.24684052042754343,14.757205651985316,15.74105556186474,0.27220382769517193,0.09309442091980939,14.730809264831858,15.745858565668868,0.2936661237931084,0.10540297168597328
225,22,2,10040,1024,8,12.436458647271447,91.03720351095595,0.25709218,0.5878109653017417,12.537596130939935,20.15425131429399,0.2760604963643521,0.15261942974702516,12.360081567967601,20.520717196299938,0.2727224777227569,0.17864914847925736
226,23,3,10040,1024,8,15.876069325724888,90.65517151538737,0.27886698,0.631307109678835,16.27095039867814,17.0089283129329,0.21356888094481247,0.09634938746043453,16.2867990742991,16.498602303350598,0.21579713434419087,0.08723644491517905
227,24,4,10040,1024,8,11.92763638724026,119.15455418583107,0.2992057,0.7268833881216613,12.559504759937624,12.27930449399731,0.23811793046512805,0.09532136783033181,12.576208028082451,12.851559256246793,0.2265005591878197,0.09994075943031003
228,25,5,10040,1024,8,12.224403714727087,32.42700872806539,0.2863235,0.29909135767570616,13.492296714247713,12.395851893553125,0.19445230343978293,0.11055084065215125,13.537109247961062,12.833297417181104,0.18750439747894343,0.12148062521103636
229,26,1,10040,1024,8,14.843771842417004,38.944770780319466,0.13210946,0.3829110348846722,15.565354890479448,13.206983420774613,0.2881036862015418,0.09676857158334418,15.512770718435913,13.584447640273314,0.2885340825844843,0.1381011999855362
230,27,2,10040,1024,8,18.699908683953026,128.67360515290804,0.25282443,0.965857104761379,18.71372622188219,20.516848106822703,0.31723608390105895,0.08274883518086484,18.9014724213754,19.906342813757675,0.33667970799223274,0.05426606255186719
231,28,3,10040,1024,8,13.396448519365835,114.49678158401727,0.29568034,0.872461299676799,13.112333115829568,20.062831460538384,0.16078874971013435,0.1842175952392265,13.343868025894615,22.116111404836644,0.16013469804138092,0.176286770691124
232,0,0,10040,1024,8,2.972428430684275,76.60208370168155,0.0127975615,0.7249924420103794,0.024228320840277217,0.01398822750703646,2.2063343595415342e-07,1.7267880242134294e-07,0.0,0.0,1.4689751042780102e-08,1.6144011489925854e-08
233,1,1,10040,1024,8,1.0586937943016446,117.72724262332598,0.17131665,0.8489387481848016,3.8777607136799337,9.674486284597519,0.11198067865750515,0.0233114949266739,3.830373196844428,9.457390158847067,0.11090359757470751,0.06256944030146594
234,2,2,10040,1024,8,4.366818244645972,3.888711151793821,0.122887135,0.13597353186325212,6.01334195475634,9.727340789229848,0.14096453710138412,0.035361806387467144,5.8843271417439915,9.343985648551328,0.1394884729155904,0.07573428398355916
235,3,3,10040,1024,8,8.148831751176655,140.4531929052341,0.056457315,1.0578785497297962,6.43891137031261,12.455207713855627,0.09208259503180019,0.05170206006422496,6.52853311643607,12.889615260016411,0.09216038916229101,0.0772612008456331
236,4,4,10040,1024,8,3.9823140317924595,65.63317474003256,0.11649223,0.6627606556611494,2.1058226845942762,11.161405309247344,0.059437737981739125,0.05887773068327212,1.9428925031510362,11.269260558592345,0.05799175911880925,0.0622104703605765
237,5,5,10040,1024,8,3.9273517005145955,44.05229590390391,0.040623046,0.4581993531911204,2.5168878526483756,11.885466815380822,0.06989381140610061,0.1440476250225421,2.603112555415619,11.990806798191533,0.07090054210828496,0.1343472821541262
238,6,1,10040,1024,8,7.958553059041115,90.10979980181769,0.15411009,0.7940896966145571,8.401890583162832,14.860391809888775,0.10774937659804013,0.1239163800163438,8.422760593593976,14.632536102934113,0.11501360036726797,0.17970821743867288
239,7,2,10040,1024,8,7.287446181664167,175.14174708143636,0.14508966,1.2606019081034068,7.0805872494277065,17.480024914126496,0.10775625764537634,0.18805069906776628,7.1787702510410645,16.894179308510537,0.11419981910794369,0.2786385111217596
240,8,3,10040,1024,8,12.55631476790659,138.06280994189697,0.13975503,1.0963889495418528,11.86732530968571,28.07436149953696,0.10705230259761239,0.2134838719251115,11.927841447576627,27.31416915898233,0.10583213155500593,0.23283533013946056
241,9,4,10040,1024,8,10.854419989816913,27.42746478704499,0.1721742,0.24037551732354587,10.245601487246539,28.857848195714194,0.10282248087911047,0.22200076187627102,10.327012614434917,28.515951778073706,0.09531512733286629,0.14470983873800342
242,10,5,10040,1024,8,6.339638025410131,24.11334280357811,0.17656709,0.21549641681606072,6.770382722830362,20.200034779222573,0.05838758687678692,0.19857325028330297,7.011386601075837,19.793776782461247,0.06348029075787658,0.22700728847218168
243,11,1,10040,1024,8,5.193653225762402,131.73683384743052,0.04279648,1.0687550612245145,3.1815481051253607,10.988724769463888,0.10327342747340636,0.048733708138512834,3.1780358885099544,11.24505640104605,0.10439664394304836,0.0600256222349519
244,12,2,10040,1024,8,9.072334849358901,178.06569430981386,0.13560103,1.2304282868387588,7.589449809778572,13.50846802315405,0.13105162235722442,0.06629746337128768,7.631056376530575,13.45621190375736,0.13849017785332007,0.11656448554861795
245,13,3,10040,1024,8,9.481951852494971,12.516242718103781,0.15384823,0.18309504617455802,7.82230678897726,16.871839449086806,0.09293349821104513,0.10305618631874414,7.874837179551394,16.97065308714906,0.09707889102381287,0.1392057707184986
246,14,4,10040,1024,8,5.176572806178496,34.682522483508286,0.1654568,0.4713117114459599,4.407482329832083,14.074671378753614,0.07416325276148798,0.10889882023964578,4.408540777045332,15.06242498628742,0.07422013873191222,0.14600398434917852
247,15,5,10040,1024,8,10.104799277472301,22.64437075451597,0.16039169,0.30663079462556925,8.113061033028709,17.785999852867786,0.09788811481023042,0.16761361845948783,8.04798944275361,17.433609283256665,0.099195180109242,0.19843471943037813
248,16,1,10040,1024,8,9.363216595843241,15.380135093834841,0.18549274,0.274332306833339,5.393701823275845,14.737819316944186,0.08561297830485216,0.09244041936064541,5.757821142696858,15.2760292785834,0.07630868067600521,0.11650920040010863
249,17,2,10040,1024,8,6.732602711119567,43.99194414280995,0.118485816,0.448061790718415,4.739430268751411,10.143261915769118,0.07244990778440029,0.07537782379243291,4.731457357328808,10.443236511098343,0.072586704928436,0.09533096050626116
250,18,3,10040,1024,8,6.194098513650054,11.617869937871003,0.1913112,0.19663971740386793,5.850791826756285,10.23258840185171,0.0702585477221934,0.08546512399500204,5.851601053983799,10.56736501223341,0.07075395134173058,0.04515332996334844
251,19,4,10040,1024,8,11.65245765708031,66.70163792617521,0.10537589,0.5367460681014983,10.746428036246318,18.943786869380865,0.11767015333476394,0.16152799281037247,10.75061320645496,18.746337186470306,0.10855044990230678,0.1702722963557712
252,20,5,10040,1024,8,5.5148391455310675,76.87181450261416,0.16688181,0.6525498785838457,6.247426942942992,30.841430807943755,0.19986869897079518,0.15211415339291073,6.126929276654456,31.444278778532578,0.2019226575464222,0.09668892245685567
253,21,1,10040,1024,8,17.67407292077784,144.79453487783732,0.22660352,1.0934413262463774,15.987035238830762,17.600777981698418,0.1909382087890708,0.14506045822472718,15.725878128450367,15.881887262423932,0.16487507576758975,0.11872813348778083
254,22,2,10040,1024,8,15.83396879123054,114.1304056371936,0.26362172,0.8041192147517721,14.403493131954306,15.300214037166802,0.20420004618368856,0.15636823436613145,14.256068974516797,13.841954567657888,0.20091457176440547,0.16287993911634535
255,23,3,10040,1024,8,12.861349904058264,107.73347540352431,0.27621925,0.7525217750502066,11.980813283479938,12.339364414822775,0.18704280426979475,0.10158039047364668,11.887585298964302,11.448102490405294,0.1839171553045679,0.08499354792484412
256,24,4,10040,1024,8,16.24989965418415,67.10573799766995,0.38357937,0.9057382922632489,13.518485483289822,19.717116667134338,0.1607041227777113,0.18521822406509073,13.807023174284511,19.27852890851675,0.16187528790139158,0.2665791657809708
257,25,5,10040,1024,8,13.473381274618815,113.39329253421255,0.29257637,0.7803018644466027,9.877612209237592,19.939019880828667,0.12295199894350829,0.23863849837124762,10.09061692724041,20.702902943052127,0.12155035443584353,0.2773335913693979
258,26,1,10040,1024,8,18.01037005239255,64.51556328158298,0.054863755,0.5996946835880591,15.986668709993765,15.488320890514139,0.17244433789032176,0.05445242523214802,15.963381287567525,15.136012828614097,0.19320793136778827,0.056683294741344196
259,27,2,10040,1024,8,16.219629983665826,76.9967055813947,0.037183274,0.7158785507742006,13.485799918394706,14.635572720148428,0.17035747940300364,0.07712973777579595,13.49003551834829,14.207567766439984,0.18172495065476785,0.06455149832088869
260,28,3,10040,1024,8,9.822829868936095,27.715377595189373,0.13318706,0.3546525381115394,8.127418038170022,15.122579211287889,0.09918502706109074,0.1158088930399108,8.147955456744395,16.025418805659374,0.07984776880422705,0.11791685043479928
261,0,0,10040,1024,8,2.9722967116920787,34.96918083986703,0.012797806,0.3654742317986102,0.0,1.2074182697257333e-06,2.225105056651958e-07,1.583622546778805e-07,0.0,0.0,2.2252013700216803e-08,1.4971817619065356e-08
262,1,1,10040,1024,8,5.180810356151042,67.83343917190642,0.21929425,0.5114913202488831,6.552078900974717,5.579283007978941,0.03670484018255542,0.051586054647370816,6.553221630441455,5.577213308391035,0.043161069520068755,0.057261368590078944
263,2,2,10040,1024,8,8.683988157984626,139.26103936433702,0.25160706,1.0530287202608195,11.051981487527254,3.9157848919982636,0.08824837036000317,0.05443901016835341,11.044487341412221,3.955001003988005,0.08900309387114015,0.06223457888227877
264,3,3,10040,1024,8,2.4883705573787807,119.8901921022474,0.10907872,0.9582526932872021,6.4533761212310345,6.484453481599704,0.08526692794284724,0.09104828782099292,6.505891705884931,6.372201651903495,0.09261285701706572,0.09005181091520907
265,4,4,10040,1024,8,6.626612467469295,13.515538613237634,0.17463814,0.10585304662038708,6.800493217193957,7.353062776223344,0.09256727227407675,0.0451095120090886,6.7561672742356755,7.545076448625991,0.08787202681194313,0.05132315303000873
266,5,5,10040,1024,8,5.913208708438405,75.4081294194682,0.15301034,0.772988386421944,5.134725125384591,4.120474208226765,0.11664853916099722,0.11856770164035227,5.1361748079659675,4.128230531201543,0.11962192802992272,0.12994559801872538
267,6,1,10040,1024,8,9.660192309773537,168.5121798637743,0.12287841,1.1166301309769338,10.22285632759524,8.744481259386225,0.09395804009034472,0.08980225182383317,10.229040784006322,8.792806461559051,0.10519221371402646,0.08425477132017811
268,7,2,10040,1024,8,4.474833901036895,67.32716696453629,0.22945699,0.500409790562961,3.0847332040288387,4.44267176157128,0.058209208215008135,0.08078669599268283,3.07940923512772,4.753017808414033,0.06442090262873361,0.05786018339287995
269,8,3,10040,1024,8,6.744128418626346,43.33601733203747,0.22083788,0.4187467342089238,7.51118506663328,5.139878667430617,0.08263596017806649,0.0969434183754172,7.513034105563247,5.525696340898277,0.08874572529182223,0.11167197629500421
270,9,4,10040,1024,8,5.191464624778824,57.516672387414,0.23394652,0.6003594685837609,4.35607047721366,6.1109137309140875,0.08515429707849041,0.11978818697812463,4.376530700272419,5.794383854936251,0.09377249141895788,0.14123084175017234
271,10,5,10040,1024,8,7.745977041657686,30.680149018845697,0.24105637,0.3421921573101173,6.631852560917452,5.948126173396888,0.13022693444667877,0.12985339837571191,6.6539758663635435,5.6393532232064505,0.1296156832611067,0.12219477402435606
272,11,1,10040,1024,8,8.678784279438156,43.68793196658465,0.09958258,0.48303975718331016,5.901101811644832,6.836373013222001,0.08256942503225972,0.09978700836165692,5.854242551765033,6.673511218542,0.07427218240734508,0.08935279034128565
273,12,2,10040,1024,8,10.101918071145336,73.47604821336827,0.16873732,0.7479081769474033,8.402303303612957,9.13535842737838,0.09889036817765126,0.09750821418516455,8.396944073456979,8.86735442450797,0.10127976214080149,0.08290568561583968
274,13,3,10040,1024,8,7.533483478362209,131.70818991067907,0.17507046,0.9545126525346547,3.5097038398956193,9.84305724827428,0.026952724116098628,0.11953344053592015,3.5933203457924034,10.214027710528185,0.03648800997485529,0.10638702914766784
275,14,4,10040,1024,8,2.6974753641182794,46.31664183433772,0.07368999,0.43820725254734666,4.343525503932741,7.025172157419599,0.09624075055972406,0.13705051461066464,4.368575604676278,7.053173511490449,0.09666901940148769,0.1281060593690027
276,15,5,10040,1024,8,7.154149894713965,118.18260423499771,0.1229252,1.018282780124734,6.067515663357868,16.086760412151996,0.047610783354862955,0.18435533455617625,5.917883063595003,17.086044977604363,0.05810827197403183,0.2314301073537998
277,16,1,10040,1024,8,10.452330253654395,50.56588278292287,0.08657552,0.45045686872035673,5.835219640187793,8.743305958405221,0.20530947030991584,0.1922884542186374,6.030661473693949,9.754744261852078,0.20609472014308963,0.21233364167168145
278,17,2,10040,1024,8,16.909280257479715,14.354614293162227,0.09291722,0.2381683019234946,11.790025150251298,16.047200077838685,0.087443005388181,0.12407041019816584,11.809642515230372,15.461034754107676,0.0863255721172882,0.13621896742956455
279,18,3,10040,1024,8,14.02413274613653,100.9577861547072,0.14381714,0.7160951211910025,9.021255011337823,18.634475760726307,0.0574884648525794,0.1574837840255025,9.28844505918719,19.783943968956944,0.041370379448719186,0.21504081232936864
280,19,4,10040,1024,8,12.413316713611465,143.88215278081373,0.10352249,1.0704203254030844,11.219591054320109,20.53164982357282,0.04920110456331095,0.29021190659372575,11.29292111848963,20.291938208454322,0.04425575836563994,0.35674527573827575
281,20,5,10040,1024,8,11.545756453295372,113.09342636733342,0.13368319,0.7811362467470926,8.014963904812706,22.88826044723905,0.08763661867793622,0.2964061023999718,7.9764111615208035,22.807633908003652,0.08550353107453787,0.24953537105210127
282,21,1,10040,1024,8,15.514769192461474,167.67909123445597,0.22222541,1.31148219142681,12.503069973369623,15.79322373697049,0.1173025192620394,0.10551372214643207,12.536635635053123,15.528283381705227,0.12533178586371693,0.12444330343285791
283,22,2,10040,1024,8,15.880213490027009,18.72317338360273,0.23875894,0.30972561128239595,16.00172379736097,29.932688145652588,0.11019628018113238,0.3116644692466626,15.98934672305752,29.391461192184654,0.09261102445638043,0.32423317639393134
284,23,3,10040,1024,8,10.506518907153113,81.7275932600572,0.06581417,0.6901313460611357,11.543094262763695,31.22218131062804,0.14751456509430488,0.36395473274896983,11.529840873501477,31.27537871613007,0.14898499483348543,0.3375281926551954
285,24,4,10040,1024,8,11.683832047718798,65.48333255261969,0.06552215,0.5813152180919089,12.037847984670503,32.79160115734791,0.07179426007568665,0.2899813123266774,12.00290239004646,32.427598799176984,0.07676588596194228,0.22260437690054946
286,25,5,10040,1024,8,11.154414588858492,176.18037189511494,0.14146954,1.2431039889083806,12.282546080059555,42.4347952763587,0.1631569881162773,0.5540488600983001,12.470759743791815,42.67537766497624,0.15308874628533037,0.49110592502458333
287,26,1,10040,1024,8,12.430811992045204,121.91596296551384,0.1992137,1.1532633151496707,10.685791956075152,14.257174752571151,0.16031896436140705,0.17203706305834132,11.112940857776291,14.587630139741963,0.16252073380361146,0.16619779503555965
288,27,2,10040,1024,8,18.297153598683092,177.1252605246308,0.13648777,1.350282305127378,16.229130825443534,16.288295446695294,0.18500623621444215,0.19782459792024645,16.715742806288517,15.11845550718618,0.17368851712312178,0.2229494365538388
289,28,3,10040,1024,8,16.479953182642735,18.387476792789787,0.127565,0.23452094006895022,15.183597070426261,20.11388417898999,0.12814955342615209,0.2425950412432975,15.02146996881449,19.94380707852101,0.15578198543972507,0.2302243556024208
290,0,0,10040,1024,8,2.9722967116920787,16.011692535872378,0.01279773,0.18229833661093225,0.0,0.0,2.74964979921079e-07,1.8055487267278064e-07,0.0,0.0,2.623088950053769e-08,1.4312388379218913e-08
291,1,1,10040,1024,8,11.36430470500877,28.66093573796556,0.19553429,0.2351048059629681,7.863781110619348,13.09484150368826,0.024815432705560223,0.047705242633169026,7.764092584977802,12.923424023806394,0.026170666560087142,0.04995299041703035
292,2,2,10040,1024,8,9.483817424337216,66.21338136551412,0.03718659,0.5629832104880482,6.6481034735882,9.279904553848926,0.08476805996844756,0.07603294605429055,6.786206191371385,9.836980224123106,0.09354716341263336,0.10245369398129583
293,3,3,10040,1024,8,5.9500227592599915,87.22208488215013,0.20840017,0.9402201807823043,4.940399137959172,10.969256913065427,0.06558675005310051,0.04652736401263569,4.774534434340486,10.698043250523966,0.06481547433521603,0.0765923181157047
294,4,4,10040,1024,8,6.688237684352637,73.06714678247296,0.12010383,0.6849134452709315,5.406957852598412,9.396492862961535,0.10554239535932772,0.09014106607171755,5.390611856709971,9.387936985647004,0.10595227224038627,0.08370478173819208
295,5,5,10040,1024,8,11.195718377417158,54.883523412590364,0.20377903,0.5734290662935848,8.269541853138074,16.6925555778568,0.11452073061461288,0.02369938979388445,8.319656074912398,16.780714268912885,0.110335169333324,0.05613634290174736
296,6,1,10040,1024,8,8.416432939098257,145.13441067222416,0.23543234,1.0946998254834013,9.493724377954681,10.33415846976786,0.11462976816069621,0.0787914559580153,9.538536754802458,10.395639794614045,0.1220999225380552,0.08816839304262694
297,7,2,10040,1024,8,6.967676674569857,11.067079389651598,0.119486436,0.23618649505317013,3.08197509417015,8.12765104995106,0.10483395389169932,0.06575758024443763,3.29698956688276,8.43358254774308,0.10198129500252114,0.04980854961192622
298,8,3,10040,1024,8,12.38971840766727,151.63535247752412,0.09608786,0.976778528957742,10.295827067272814,12.132528619231163,0.1061422348081297,0.05396462476562617,10.277000809478274,11.630385454082994,0.10764670243732731,0.07713934214163234
299,9,4,10040,1024,8,10.32365313392166,63.33107597240111,0.040130805,0.6025520941657907,7.931478736691328,11.084198532675298,0.13240283431053487,0.09950455224336674,8.007231422506468,11.433199132932511,0.12497370008872513,0.12525587424089038
300,10,5,10040,1024,8,11.193044537363196,58.4223923378299,0.19641383,0.6062273343262956,11.742515915933343,11.494241435073526,0.22157608996634734,0.19364279376515123,11.741922504267107,9.715938683016413,0.22114157895603428,0.1997293026226673
301,11,1,10040,1024,8,9.074716942593309,115.04553804526476,0.30795017,1.0275501065642156,6.414002615273624,10.824479214550955,0.07078077244244152,0.040419949330216365,6.5391567685189855,10.892219517207252,0.08162666139053651,0.045458003400839456
302,12,2,10040,1024,8,16.00791648604418,24.058791930055442,0.15536551,0.19377120579875576,13.429147392820406,17.781032526389883,0.13434088408219352,0.11921204962047553,13.54198606638227,17.713552273246687,0.1449274827607996,0.10748358673552566
303,13,3,10040,1024,8,14.975916592985394,61.85531667174067,0.29076847,0.7160740801525207,11.685140537330879,26.034127820033902,0.14710040331338672,0.21316909789692792,11.603114513413846,25.500697105145917,0.14240242146894996,0.22191003037738818
304,14,4,10040,1024,8,6.796676798371458,73.54073407998143,0.2607421,0.7847578117917513,8.470850288424844,25.316117804588583,0.09660707729935655,0.2785712499878071,8.434160818945927,26.60747322684297,0.10315963209925426,0.3018280967846883
305,15,5,10040,1024,8,8.546930326762723,35.78950715558634,0.31939545,0.3160579157300901,5.767073852433636,27.69780917252726,0.06967147748870162,0.31308303273709487,6.001926664683571,28.791686936791297,0.07814082475115129,0.30438364359584075
306,16,1,10040,1024,8,14.728396885821173,66.59823339842703,0.11832186,0.753905612752154,13.83489793038664,12.534493741603141,0.182379815164462,0.11877092399685187,13.817558147413452,11.174713009246005,0.1872626433988447,0.11858710366367381
307,17,2,10040,1024,8,11.622050816711068,55.80684197516566,0.07362812,0.6249075396993937,12.27071699936175,11.15245477308818,0.18484992137155581,0.15317421462158945,12.366892493318069,10.419677131042123,0.19056060546820086,0.16636745321673269
308,18,3,10040,1024,8,14.41269567787853,140.86291295514673,0.14814775,1.1395563615669917,14.791492444155686,34.61924840774944,0.28737115561749066,0.14164634018504121,14.754952441203097,34.780366872852895,0.2909583030592765,0.21523006241458284
309,19,4,10040,1024,8,13.687441300047029,65.1863571550024,0.07911441,0.620880629181307,12.09177227742967,20.473081861722207,0.13233776187994306,0.21932781864659442,12.241801935146178,20.757029141819686,0.1301267807710019,0.18155873679355805
310,20,5,10040,1024,8,9.792275549744796,110.58931437547109,0.111391366,1.0503630942903004,9.653208881535223,20.086659788582196,0.14491428814623103,0.21888915653345312,9.577543237283397,20.36775475481009,0.15536394781827303,0.29163682231347915
311,21,1,10040,1024,8,14.495144616035338,25.918552222620367,0.2390953,0.17090952978077378,10.121251699427328,18.545936006577517,0.15652576052624878,0.09431413372565751,10.363835542197949,18.835146575308485,0.1547026407384345,0.0750494998021683
312,22,2,10040,1024,8,11.224878593511834,111.28969006830488,0.25706333,0.9928264742497895,8.848211092071846,16.545688747217394,0.1369519919866759,0.15356186035535987,8.889969270969413,17.11163497784468,0.13988532612869278,0.17716642463431942
313,23,3,10040,1024,8,9.609384407031786,99.34004474471979,0.20586443,0.8667048524956663,9.351786828602057,16.2826361002031,0.12302657101497642,0.1916479548890312,9.291718664191853,17.137757564102596,0.1368783588016832,0.27210196738166476
314,24,4,10040,1024,8,11.187800572684713,54.30359413806587,0.17459697,0.38949641520916334,10.190756792274914,17.564516662062562,0.11741492109799252,0.2617168209345798,10.017946647200846,18.522707706498636,0.11140498061446563,0.2607250157574074
315,25,5,10040,1024,8,16.156667066105655,34.47316025742223,0.28075176,0.4670603523327365,15.771311686722193,22.433954627328394,0.17343214161031448,0.2244109236394123,15.54503423792051,21.698979328885088,0.15630575668447413,0.14100149732194936
316,26,1,10040,1024,8,13.721431754032961,142.73477081301493,0.19864482,1.0220071897891783,10.936127289841048,15.901330028219526,0.14918090610543394,0.10603068772679115,10.926705119212235,16.02519797756313,0.1384734242284413,0.0786253082507291
317,27,2,10040,1024,8,14.964996580010915,61.80765445834607,0.14737481,0.6257112095594393,11.51776000581911,13.908643297518237,0.145109442237465,0.14912523366751856,11.269574670013688,14.154675525624679,0.13524700600174905,0.1924835381147942
318,28,3,10040,1024,8,16.781037220469926,47.49048707433198,0.27295256,0.5918824028487004,12.280204126577901,21.154619132033925,0.10545259712262953,0.15975609941016128,12.623825682511258,21.03398082658884,0.12103043988835739,0.17886562243592727
319,0,0,10040,1024,8,2.972428430684275,9.703460497968143,0.012797392,0.06965537549476344,0.013988227454926255,0.0,3.518243297693089e-07,1.2219295798838217e-07,0.01654346059179485,0.0,2.128960079485512e-08,1.9157349046165456e-08
320,1,1,10040,1024,8,11.821183917612363,76.06870370472396,0.054796945,0.5501358331856263,7.594401074011259,11.521493895696574,0.08515235662568925,0.06058027763319941,7.599896147188731,11.546065349424065,0.08732508212491076,0.060691336098717005
321,2,2,10040,1024,8,6.353910616345688,130.86652477052945,0.109228306,0.9656533129415645,4.370057196467377,8.348902445095113,0.09043128982718768,0.08320754783143237,4.393898923460554,8.56141042192664,0.08669286318999751,0.10760896610404347
322,3,3,10040,1024,8,6.020113423733521,170.3126170817609,0.1729455,1.1639854357535226,4.907715984564366,7.023480975435068,0.0964564948703997,0.09409383541998852,4.935276857722841,7.441010088583756,0.09427227762284279,0.12465132161951613
323,4,4,10040,1024,8,12.943785517694106,16.886801429048248,0.107410386,0.16822734304081913,10.311035683794033,24.361229361084643,0.0757358985443544,0.18607181752225194,10.292251762711084,24.201724017227118,0.07612216034190045,0.15199144762787337
324,5,5,10040,1024,8,9.27968053663447,24.416326883430767,0.1434001,0.13123019026860672,8.520973683113302,20.29487423110893,0.15764513596858473,0.23842747890657404,8.60644617289475,20.793532656320483,0.15618238205832133,0.2620962560864197
325,6,1,10040,1024,8,4.164523777218688,2.493486805529634,0.24064513,0.2417008553364216,3.900230538261625,10.4536139315188,0.14930564952583114,0.12418145374949813,3.904477659060938,10.755057565699241,0.1820191549126889,0.17537754572064798
326,7,2,10040,1024,8,9.120333493220233,171.40281928666732,0.33425733,1.2475113781149463,6.0509352542048225,11.765866152004396,0.12459306130515413,0.08755938039019075,6.011897558948524,11.518561348861901,0.12490918900215674,0.1381093412201998
327,8,3,10040,1024,8,9.216013610020207,86.97068580744055,0.26115042,0.8615450591075716,6.381350643098777,13.44303703446629,0.1275955459863722,0.11499270026200903,6.4591841105820045,13.585966543329985,0.12306774611578718,0.12200242762979993
328,9,4,10040,1024,8,6.679670062977439,51.68174085760567,0.27797672,0.6682739315763754,7.044642294578454,14.664602338658622,0.1701187977302113,0.2146767188223918,7.039127065055806,15.106322685413936,0.18244864561031077,0.24125695608359832
329,10,5,10040,1024,8,9.998591581109268,17.787018838435642,0.3199936,0.3394019343484112,7.874930621186783,20.82515397017245,0.07726746291327644,0.20076901125416893,7.779732194797537,20.515609472196765,0.09852707301695762,0.23540168354391297
330,11,1,10040,1024,8,6.673619195208802,176.0759756649924,0.21812479,0.9561619599912959,4.019909159729617,6.127071403991501,0.12822326060770617,0.06526187643129773,3.9007176622438196,6.054449979092079,0.13831612907090904,0.06290939058617555
331,12,2,10040,1024,8,10.409852086064916,14.234215323272641,0.11964694,0.15229186409145629,8.396621490827728,9.963550095947273,0.11214836031101864,0.12629484303680952,8.384381312936695,9.712847802507005,0.1254795778685772,0.1467983844732933
332,13,3,10040,1024,8,10.676893685156873,99.85345732338727,0.16315398,0.7182254981142692,8.963103342407537,9.923332862528202,0.14794673023151672,0.15552211838892394,9.004732984260839,10.26214425782134,0.14514685531165095,0.14915371117393092
333,14,4,10040,1024,8,12.287114740159012,115.41407572345861,0.21632577,0.9418819625451873,9.055412093320315,9.410405782040069,0.15113026879814961,0.11281897059529672,9.076722796076865,9.07321328680309,0.14373921530128608,0.06636845712822378
334,15,5,10040,1024,8,11.501960030400557,10.852557974416149,0.07156459,0.13963575751543056,7.531135039972919,13.136501558389794,0.09831333536859987,0.11502828087188953,7.463272810191222,12.943550819621926,0.10310985411075474,0.14255886307464988
335,16,1,10040,1024,8,8.844556594592603,5.583640807593643,0.19843625,0.14145794300831038,5.735173415536148,8.139753325476539,0.14227118244901513,0.07509171708811005,5.683776492581821,8.04145103120212,0.1322683767528646,0.09195601916998988
336,17,2,10040,1024,8,9.42998424739768,141.08554904154673,0.26066148,1.0670718274114863,9.374464042344716,5.618029570903749,0.1113025447607971,0.16419004470402965,9.377671493332278,5.309357338809077,0.10899055671620438,0.15085372167676872
337,18,3,10040,1024,8,11.247767850290167,40.69325175931825,0.25436476,0.2528069794293477,10.220631472377654,8.480884338985735,0.09362328874834305,0.1337280657209657,10.236301453722964,7.533124598348072,0.08692965205363672,0.09853879668627218
338,19,4,10040,1024,8,9.251428305371562,6.225011108971898,0.2828025,0.30353621775290834,6.7170430867112945,8.11158202797217,0.10446778760971545,0.1596934389352703,6.688254342639639,8.688410761664993,0.11138704744766965,0.12086504866709724
339,20,5,10040,1024,8,5.7718337091728,61.851653691326774,0.13182484,0.5024535644321891,5.712564008107172,16.9382059802727,0.0748091310257648,0.2466175116100935,5.701958892640219,17.530748389528185,0.07350725863813364,0.2610631570656979
340,21,1,10040,1024,8,10.573728993845382,52.785926809579024,0.2656554,0.6132874989980476,11.01891602067037,5.925662004691994,0.13068196663945417,0.14125721436983033,11.10762253170706,5.24287116788999,0.139201101882779,0.11165652313180804
341,22,2,10040,1024,8,17.421184552607084,72.38428153400082,0.10235612,0.6512714341939535,13.25984951518922,17.205505869729052,0.1455919017400512,0.1419736510240138,13.37366869033296,17.094118843626976,0.13728722676433733,0.14407869269654638
342,23,3,10040,1024,8,10.395099374957688,136.91097845733705,0.15853481,0.9625932811354341,10.626655555012368,8.121290981164718,0.12140321891591005,0.14635590462096268,10.674016913300749,7.528267560055175,0.13300444916866616,0.16343061431826159
343,24,4,10040,1024,8,14.197382977796595,55.747552668801305,0.097682364,0.5171505248855343,12.285315377178371,14.557044852069843,0.15715709488577,0.16912581387533643,12.319385899912621,14.259273579610309,0.15030871549238053,0.2104555774980108
344,25,5,10040,1024,8,14.0078605060842,90.39953554589947,0.21677086,0.5985152930734955,11.214534110743955,13.032951316606304,0.17245947511976417,0.16436065620821197,11.60395120983269,13.576862859710559,0.1624829438983053,0.11188210346162004
345,26,1,10040,1024,8,15.06699256569694,148.09909206950337,0.12842683,0.9960680275540396,13.044491292616923,11.173364980873238,0.14607968989635453,0.13226106107308339,13.063327075190251,10.841095956735604,0.1350775154253098,0.08901371007156247
346,27,2,10040,1024,8,10.11028689444983,131.78279969441212,0.2111205,1.2020680442020293,9.074121758635854,7.933146282009111,0.1925578652180571,0.13226726035103817,9.154016417232373,8.311933296435333,0.20790546252187433,0.21097463045473044
347,28,3,10040,1024,8,15.194165800665315,68.38986080025673,0.2188961,0.6906150745231201,14.232978613293179,7.904545213138591,0.17950382450168534,0.12972114817374897,14.48036218522345,6.504307068785491,0.18519186818685582,0.15624027273735216
348,0,0,10040,1024,8,2.972428430684275,45.50766977064659,0.012797613,0.4166682101760125,2.699869328381916e-06,0.0197823409557514,9.739843353094074e-08,1.8221983158889195e-07,0.0,0.0,2.9023688922185365e-08,2.2860486919551385e-08
349,1,1,10040,1024,8,10.855326706730683,50.08347143986052,0.15350074,0.390720390958984,7.87335205250437,10.897935688572922,0.09062011003969099,0.08217904477606616,7.956318892971075,10.985711173729692,0.0942665859923382,0.08652950122328001
350,2,2,10040,1024,8,7.740451391428571,89.30399055918458,0.076571904,0.825678369952151,8.830682869658537,15.128100355745339,0.09622355307470534,0.06381721923802915,8.950343972176215,15.266755391158538,0.09768172924431451,0.05386123711411674
351,3,3,10040,1024,8,12.965234840959374,76.3552981620469,0.13278604,0.8349992522642201,10.168646701471237,20.469257563741373,0.15021619046604787,0.08578358130961475,10.224465776444706,20.423033115601655,0.14712117058413893,0.09593880211628521
352,4,4,10040,1024,8,11.316265829857057,113.85500365519607,0.14490974,0.9511680755375114,7.202115668433278,17.737384496062358,0.17983736481679718,0.10889375657803162,7.186520443027484,17.745309960610797,0.18370350375620798,0.12100078397333759
353,5,5,10040,1024,8,8.254213431393225,82.38230287444937,0.14305377,0.7251282313789716,6.592006181494915,15.004047126603227,0.15645546080889572,0.04822615892841865,6.844133784784097,15.01312671913494,0.15075995537395223,0.03015769091062704
354,6,1,10040,1024,8,8.891609400187432,7.124840274700961,0.05081773,0.01843561892947939,8.241526098312534,20.698036052407755,0.16700171066409067,0.030550037320808326,8.427408055802614,20.832630547774624,0.154642902604699,0.050238784052999044
355,7,2,10040,1024,8,12.295135948991943,56.95479955282702,0.15870418,0.3499117602659732,11.136030586160418,13.90682164315858,0.16026128804478004,0.10415049083115335,11.005155792853085,13.247570072470143,0.16826926489549734,0.1190742349630091
356,8,3,10040,1024,8,9.89395868212532,161.96346346280103,0.064815424,1.0526114223431082,9.903747854965392,17.676141228741365,0.13972416284708497,0.04160809320811592,9.942167513175415,17.391024862373165,0.14186575177693067,0.10452395639439403
357,9,4,10040,1024,8,14.60584868810232,73.11284966214478,0.16684489,0.45829151949014973,9.970807415663975,22.64687832194846,0.14785679150602501,0.04304025847035127,10.151590859764413,22.979865885068342,0.1577146466620707,0.06351321013159998
358,10,5,10040,1024,8,14.519874401136105,147.62832322867843,0.12511313,0.9552570845518962,9.649337084361559,20.288835110555905,0.09739363587688045,0.07911484778183081,9.768859781195102,20.518629761022147,0.09799146522384859,0.06531402098569881
359,11,1,10040,1024,8,3.106523012672523,115.83972450677241,0.058419432,0.8408073302179238,4.689425443062084,11.920109580044533,0.17526112368598953,0.11417727542485819,4.824028582661204,12.33640812824296,0.17830734475439317,0.16125391312868376
360,12,2,10040,1024,8,5.138735589193758,30.79889362864572,0.18020293,0.26535194019670005,5.801765024233381,18.119075295257776,0.17313835768485442,0.02977405352591556,5.8090007533953,18.297261545042,0.1748689822791348,0.03496778772759721
361,13,3,10040,1024,8,6.278291154194127,11.01267303609182,0.22731179,0.2991804714585358,9.08819073158899,21.218530123770652,0.13341308801460838,0.033684340121012,9.161582660055252,21.73775185577621,0.12530143793368065,0.07677238326540659
362,14,4,10040,1024,8,14.874507799828224,150.21740758702364,0.22928092,1.2231190809761456,13.842690873094142,25.287062834132986,0.1570724847566265,0.041281016682363315,13.786813889904574,24.740363903842525,0.14728662835662693,0.09551488648209742
363,15,5,10040,1024,8,9.696837801425925,145.32621165596947,0.21719371,1.0577531634211468,10.666357383947652,24.043128673864704,0.11490242611461472,0.09609788904324833,10.675859371540994,23.880769848257117,0.11423079390797856,0.15367783759587114
364,16,1,10040,1024,8,12.82047536584374,47.766718552854165,0.06651518,0.4749692066813397,8.223895309104753,17.460693547295545,0.20176441682501176,0.027659280314440392,8.194879873553026,17.54100548740402,0.21338716886307038,0.050564973734524205
365,17,2,10040,1024,8,15.349260211907021,69.7259444233332,0.06149918,0.47608182835858165,11.626403976140505,19.928860640700353,0.18343657578574848,0.046597227840405056,11.744873367426935,20.124853860557845,0.1785355472319997,0.05331402478752046
366,18,3,10040,1024,8,16.413031171415213,43.734648761779596,0.023680614,0.4000950182733905,14.603982702255493,21.78986785226277,0.21062167795721526,0.0575023867540422,14.408048991748103,21.002711783893147,0.21507340376629225,0.04907041387598117
367,19,4,10040,1024,8,16.860367001163887,53.74284795107823,0.1372962,0.43499040271502326,9.640399471203104,19.520008346914064,0.1809413297373831,0.03489796833792344,9.455302675317483,19.614210333584527,0.17258174730980172,0.049464076542879876
368,20,5,10040,1024,8,15.088864289211479,42.45923867358926,0.15412126,0.5099842503507162,12.332060641221126,25.017976011783077,0.19430799136967708,0.0764915926307563,12.450623792949669,25.11279729844911,0.1833650448576816,0.1606565746085969
369,21,1,10040,1024,8,11.330145832669492,178.95294064998512,0.08758673,0.923324732998183,10.199271986079049,16.92721977718407,0.1946990562726992,0.0601490531038087,10.39114253694568,17.371451646275165,0.1990893453410274,0.06114016178976518
370,22,2,10040,1024,8,14.240289586155379,76.89202323165722,0.1515455,0.571299085145626,9.771188314912779,20.780043684461795,0.24987048049851196,0.054963826670319876,9.749977679587618,20.722352915408013,0.24351896782152976,0.07821057709788415
371,23,3,10040,1024,8,18.94145826904374,13.353067069894351,0.1911614,0.2722535015231445,14.84655146367344,20.519071093345364,0.2074042810563227,0.10591660648674328,14.80583176139032,19.289667769112665,0.21090834668883665,0.08899137154118045
372,24,4,10040,1024,8,13.798590832116455,145.4985427320276,0.20278853,1.0352977481538046,13.299822274591305,23.083272104061795,0.20062953596867658,0.11143963459271124,13.228974872928589,22.351637744815076,0.2019229240079802,0.1668661192362149
373,25,5,10040,1024,8,14.68817940261461,72.45519554074703,0.14080516,0.5942165508492854,13.022527206799433,31.47233235300938,0.20240232998022945,0.2235377541129086,13.011523134088964,30.890140292635998,0.20252904556916382,0.2422011683572545
374,26,1,10040,1024,8,14.219894866458553,58.791519484228466,0.30208877,0.6802999936799301,14.61181642283137,29.485704181544477,0.16159882024343764,0.2351778868660468,14.721639218019002,29.397684692766195,0.17088997087918126,0.3153212042057617
375,27,2,10040,1024,8,14.804475659461863,47.45900592106182,0.2914044,0.5595752911304096,10.381411171722771,37.81563358502937,0.2124210058334435,0.3088627876902388,10.45840734274609,37.998718112161654,0.2048357797324326,0.34518239215228264
376,28,3,10040,1024,8,10.264716293222753,10.63788911852964,0.2513443,0.18603234071514324,10.415538237706956,32.826751957076475,0.21490725996437313,0.22578669590640568,10.38221802326557,33.25433502161847,0.21594354500520666,0.2427440187668425
